[     309ms] [INFO] %cDownload the React DevTools for a better development experience: https://reactjs.org/link/react-devtools font-weight:bold @ http://localhost:5174/node_modules/.vite/deps/chunk-RPCDYKBN.js?v=64804ba0:21550
[     373ms] [ERROR] Failed to load resource: the server responded with a status of 401 (Unauthorized) @ http://localhost:5174/api/auth/me:0
[     678ms] [INFO] %cDownload the React DevTools for a better development experience: https://reactjs.org/link/react-devtools font-weight:bold @ http://localhost:5174/node_modules/.vite/deps/chunk-RPCDYKBN.js?v=64804ba0:21550
[     747ms] [ERROR] Failed to load resource: the server responded with a status of 401 (Unauthorized) @ http://localhost:5174/api/auth/me:0
[  319328ms] [LOG] [vite] server connection lost. Polling for restart... @ http://localhost:5174/@vite/client:559
[  321762ms] [ERROR] Failed to load resource: net::ERR_CONNECTION_REFUSED @ http://localhost:5174/:0
[  325114ms] [ERROR] Failed to load resource: net::ERR_CONNECTION_REFUSED @ http://localhost:5174/:0
[  328450ms] [ERROR] Failed to load resource: net::ERR_CONNECTION_REFUSED @ http://localhost:5174/:0
[  331931ms] [ERROR] Failed to load resource: net::ERR_CONNECTION_REFUSED @ http://localhost:5174/:0
[  335300ms] [ERROR] Failed to load resource: net::ERR_CONNECTION_REFUSED @ http://localhost:5174/:0
[  338657ms] [ERROR] Failed to load resource: net::ERR_CONNECTION_REFUSED @ http://localhost:5174/:0
[  342007ms] [ERROR] Failed to load resource: net::ERR_CONNECTION_REFUSED @ http://localhost:5174/:0
[  345381ms] [ERROR] Failed to load resource: net::ERR_CONNECTION_REFUSED @ http://localhost:5174/:0
[  348734ms] [ERROR] Failed to load resource: net::ERR_CONNECTION_REFUSED @ http://localhost:5174/:0
[  352066ms] [ERROR] Failed to load resource: net::ERR_CONNECTION_REFUSED @ http://localhost:5174/:0
[  355407ms] [ERROR] Failed to load resource: net::ERR_CONNECTION_REFUSED @ http://localhost:5174/:0
[  358747ms] [ERROR] Failed to load resource: net::ERR_CONNECTION_REFUSED @ http://localhost:5174/:0
[  362092ms] [ERROR] Failed to load resource: net::ERR_CONNECTION_REFUSED @ http://localhost:5174/:0
[  365422ms] [ERROR] Failed to load resource: net::ERR_CONNECTION_REFUSED @ http://localhost:5174/:0
[  368775ms] [ERROR] Failed to load resource: net::ERR_CONNECTION_REFUSED @ http://localhost:5174/:0
[  372107ms] [ERROR] Failed to load resource: net::ERR_CONNECTION_REFUSED @ http://localhost:5174/:0
[  375521ms] [ERROR] Failed to load resource: net::ERR_CONNECTION_REFUSED @ http://localhost:5174/:0
[  378877ms] [ERROR] Failed to load resource: net::ERR_CONNECTION_REFUSED @ http://localhost:5174/:0
[  382224ms] [ERROR] Failed to load resource: net::ERR_CONNECTION_REFUSED @ http://localhost:5174/:0
[  385563ms] [ERROR] Failed to load resource: net::ERR_CONNECTION_REFUSED @ http://localhost:5174/:0
[  388904ms] [ERROR] Failed to load resource: net::ERR_CONNECTION_REFUSED @ http://localhost:5174/:0
[  392250ms] [ERROR] Failed to load resource: net::ERR_CONNECTION_REFUSED @ http://localhost:5174/:0
[  395589ms] [ERROR] Failed to load resource: net::ERR_CONNECTION_REFUSED @ http://localhost:5174/:0
[  398943ms] [ERROR] Failed to load resource: net::ERR_CONNECTION_REFUSED @ http://localhost:5174/:0
[  402286ms] [ERROR] Failed to load resource: net::ERR_CONNECTION_REFUSED @ http://localhost:5174/:0
[  405657ms] [ERROR] Failed to load resource: net::ERR_CONNECTION_REFUSED @ http://localhost:5174/:0
[  408990ms] [ERROR] Failed to load resource: net::ERR_CONNECTION_REFUSED @ http://localhost:5174/:0
[  412333ms] [ERROR] Failed to load resource: net::ERR_CONNECTION_REFUSED @ http://localhost:5174/:0
[  415667ms] [ERROR] Failed to load resource: net::ERR_CONNECTION_REFUSED @ http://localhost:5174/:0
[  419026ms] [ERROR] Failed to load resource: net::ERR_CONNECTION_REFUSED @ http://localhost:5174/:0
[  422373ms] [ERROR] Failed to load resource: net::ERR_CONNECTION_REFUSED @ http://localhost:5174/:0
[  425715ms] [ERROR] Failed to load resource: net::ERR_CONNECTION_REFUSED @ http://localhost:5174/:0
[  429101ms] [ERROR] Failed to load resource: net::ERR_CONNECTION_REFUSED @ http://localhost:5174/:0
[  432480ms] [ERROR] Failed to load resource: net::ERR_CONNECTION_REFUSED @ http://localhost:5174/:0
[  435867ms] [ERROR] Failed to load resource: net::ERR_CONNECTION_REFUSED @ http://localhost:5174/:0
[  439219ms] [ERROR] Failed to load resource: net::ERR_CONNECTION_REFUSED @ http://localhost:5174/:0
[  442559ms] [ERROR] Failed to load resource: net::ERR_CONNECTION_REFUSED @ http://localhost:5174/:0
[  445894ms] [ERROR] Failed to load resource: net::ERR_CONNECTION_REFUSED @ http://localhost:5174/:0
[  449254ms] [ERROR] Failed to load resource: net::ERR_CONNECTION_REFUSED @ http://localhost:5174/:0
[  452612ms] [ERROR] Failed to load resource: net::ERR_CONNECTION_REFUSED @ http://localhost:5174/:0
[  455945ms] [ERROR] Failed to load resource: net::ERR_CONNECTION_REFUSED @ http://localhost:5174/:0
[  459346ms] [ERROR] Failed to load resource: net::ERR_CONNECTION_REFUSED @ http://localhost:5174/:0
[  462695ms] [ERROR] Failed to load resource: net::ERR_CONNECTION_REFUSED @ http://localhost:5174/:0
[  466037ms] [ERROR] Failed to load resource: net::ERR_CONNECTION_REFUSED @ http://localhost:5174/:0
[  469389ms] [ERROR] Failed to load resource: net::ERR_CONNECTION_REFUSED @ http://localhost:5174/:0
[  472744ms] [ERROR] Failed to load resource: net::ERR_CONNECTION_REFUSED @ http://localhost:5174/:0
[  476088ms] [ERROR] Failed to load resource: net::ERR_CONNECTION_REFUSED @ http://localhost:5174/:0
[  479417ms] [ERROR] Failed to load resource: net::ERR_CONNECTION_REFUSED @ http://localhost:5174/:0
[  482766ms] [ERROR] Failed to load resource: net::ERR_CONNECTION_REFUSED @ http://localhost:5174/:0
[  486143ms] [ERROR] Failed to load resource: net::ERR_CONNECTION_REFUSED @ http://localhost:5174/:0
[  489474ms] [ERROR] Failed to load resource: net::ERR_CONNECTION_REFUSED @ http://localhost:5174/:0
[  492852ms] [ERROR] Failed to load resource: net::ERR_CONNECTION_REFUSED @ http://localhost:5174/:0
[  496225ms] [ERROR] Failed to load resource: net::ERR_CONNECTION_REFUSED @ http://localhost:5174/:0
[  499585ms] [ERROR] Failed to load resource: net::ERR_CONNECTION_REFUSED @ http://localhost:5174/:0
[  502942ms] [ERROR] Failed to load resource: net::ERR_CONNECTION_REFUSED @ http://localhost:5174/:0
[  506302ms] [ERROR] Failed to load resource: net::ERR_CONNECTION_REFUSED @ http://localhost:5174/:0
[  509637ms] [ERROR] Failed to load resource: net::ERR_CONNECTION_REFUSED @ http://localhost:5174/:0
[  512978ms] [ERROR] Failed to load resource: net::ERR_CONNECTION_REFUSED @ http://localhost:5174/:0
[  516318ms] [ERROR] Failed to load resource: net::ERR_CONNECTION_REFUSED @ http://localhost:5174/:0
[  519657ms] [ERROR] Failed to load resource: net::ERR_CONNECTION_REFUSED @ http://localhost:5174/:0
[  523011ms] [ERROR] Failed to load resource: net::ERR_CONNECTION_REFUSED @ http://localhost:5174/:0
[  526373ms] [ERROR] Failed to load resource: net::ERR_CONNECTION_REFUSED @ http://localhost:5174/:0
[  529715ms] [ERROR] Failed to load resource: net::ERR_CONNECTION_REFUSED @ http://localhost:5174/:0
[  533161ms] [ERROR] Failed to load resource: net::ERR_CONNECTION_REFUSED @ http://localhost:5174/:0
[  536498ms] [ERROR] Failed to load resource: net::ERR_CONNECTION_REFUSED @ http://localhost:5174/:0
[  539828ms] [ERROR] Failed to load resource: net::ERR_CONNECTION_REFUSED @ http://localhost:5174/:0
[  543170ms] [ERROR] Failed to load resource: net::ERR_CONNECTION_REFUSED @ http://localhost:5174/:0
[  546570ms] [ERROR] Failed to load resource: net::ERR_CONNECTION_REFUSED @ http://localhost:5174/:0
[  549931ms] [ERROR] Failed to load resource: net::ERR_CONNECTION_REFUSED @ http://localhost:5174/:0
[  553274ms] [ERROR] Failed to load resource: net::ERR_CONNECTION_REFUSED @ http://localhost:5174/:0
[  556646ms] [ERROR] Failed to load resource: net::ERR_CONNECTION_REFUSED @ http://localhost:5174/:0
[  559980ms] [ERROR] Failed to load resource: net::ERR_CONNECTION_REFUSED @ http://localhost:5174/:0
[  563326ms] [ERROR] Failed to load resource: net::ERR_CONNECTION_REFUSED @ http://localhost:5174/:0
[  566658ms] [ERROR] Failed to load resource: net::ERR_CONNECTION_REFUSED @ http://localhost:5174/:0
[  570006ms] [ERROR] Failed to load resource: net::ERR_CONNECTION_REFUSED @ http://localhost:5174/:0
[  573355ms] [ERROR] Failed to load resource: net::ERR_CONNECTION_REFUSED @ http://localhost:5174/:0
[  576699ms] [ERROR] Failed to load resource: net::ERR_CONNECTION_REFUSED @ http://localhost:5174/:0
[  580071ms] [ERROR] Failed to load resource: net::ERR_CONNECTION_REFUSED @ http://localhost:5174/:0
[  583435ms] [ERROR] Failed to load resource: net::ERR_CONNECTION_REFUSED @ http://localhost:5174/:0
[  586786ms] [ERROR] Failed to load resource: net::ERR_CONNECTION_REFUSED @ http://localhost:5174/:0
[  590234ms] [ERROR] Failed to load resource: net::ERR_CONNECTION_REFUSED @ http://localhost:5174/:0
[  593591ms] [ERROR] Failed to load resource: net::ERR_CONNECTION_REFUSED @ http://localhost:5174/:0
[  596965ms] [ERROR] Failed to load resource: net::ERR_CONNECTION_REFUSED @ http://localhost:5174/:0
[  600326ms] [ERROR] Failed to load resource: net::ERR_CONNECTION_REFUSED @ http://localhost:5174/:0
[  603679ms] [ERROR] Failed to load resource: net::ERR_CONNECTION_REFUSED @ http://localhost:5174/:0
[  607027ms] [ERROR] Failed to load resource: net::ERR_CONNECTION_REFUSED @ http://localhost:5174/:0
[  610390ms] [ERROR] Failed to load resource: net::ERR_CONNECTION_REFUSED @ http://localhost:5174/:0
[  613751ms] [ERROR] Failed to load resource: net::ERR_CONNECTION_REFUSED @ http://localhost:5174/:0
[  617151ms] [ERROR] Failed to load resource: net::ERR_CONNECTION_REFUSED @ http://localhost:5174/:0
[  620507ms] [ERROR] Failed to load resource: net::ERR_CONNECTION_REFUSED @ http://localhost:5174/:0
[  623863ms] [ERROR] Failed to load resource: net::ERR_CONNECTION_REFUSED @ http://localhost:5174/:0
[  627259ms] [ERROR] Failed to load resource: net::ERR_CONNECTION_REFUSED @ http://localhost:5174/:0
[  630626ms] [ERROR] Failed to load resource: net::ERR_CONNECTION_REFUSED @ http://localhost:5174/:0
[  634029ms] [ERROR] Failed to load resource: net::ERR_CONNECTION_REFUSED @ http://localhost:5174/:0
[  637380ms] [ERROR] Failed to load resource: net::ERR_CONNECTION_REFUSED @ http://localhost:5174/:0
[  640740ms] [ERROR] Failed to load resource: net::ERR_CONNECTION_REFUSED @ http://localhost:5174/:0
[  644103ms] [ERROR] Failed to load resource: net::ERR_CONNECTION_REFUSED @ http://localhost:5174/:0
[  647454ms] [ERROR] Failed to load resource: net::ERR_CONNECTION_REFUSED @ http://localhost:5174/:0
[  650807ms] [ERROR] Failed to load resource: net::ERR_CONNECTION_REFUSED @ http://localhost:5174/:0
[  654185ms] [ERROR] Failed to load resource: net::ERR_CONNECTION_REFUSED @ http://localhost:5174/:0
[  657534ms] [ERROR] Failed to load resource: net::ERR_CONNECTION_REFUSED @ http://localhost:5174/:0
[  661005ms] [ERROR] Failed to load resource: net::ERR_CONNECTION_REFUSED @ http://localhost:5174/:0
[  664369ms] [ERROR] Failed to load resource: net::ERR_CONNECTION_REFUSED @ http://localhost:5174/:0
[  667798ms] [ERROR] Failed to load resource: net::ERR_CONNECTION_REFUSED @ http://localhost:5174/:0
[  671164ms] [ERROR] Failed to load resource: net::ERR_CONNECTION_REFUSED @ http://localhost:5174/:0
[  674543ms] [ERROR] Failed to load resource: net::ERR_CONNECTION_REFUSED @ http://localhost:5174/:0
[  677994ms] [ERROR] Failed to load resource: net::ERR_CONNECTION_REFUSED @ http://localhost:5174/:0
[  681376ms] [ERROR] Failed to load resource: net::ERR_CONNECTION_REFUSED @ http://localhost:5174/:0
[  684771ms] [ERROR] Failed to load resource: net::ERR_CONNECTION_REFUSED @ http://localhost:5174/:0
[  688132ms] [ERROR] Failed to load resource: net::ERR_CONNECTION_REFUSED @ http://localhost:5174/:0
[  691489ms] [ERROR] Failed to load resource: net::ERR_CONNECTION_REFUSED @ http://localhost:5174/:0
[  694898ms] [ERROR] Failed to load resource: net::ERR_CONNECTION_REFUSED @ http://localhost:5174/:0
[  698368ms] [ERROR] Failed to load resource: net::ERR_CONNECTION_REFUSED @ http://localhost:5174/:0
[  701813ms] [ERROR] Failed to load resource: net::ERR_CONNECTION_REFUSED @ http://localhost:5174/:0
[  705184ms] [ERROR] Failed to load resource: net::ERR_CONNECTION_REFUSED @ http://localhost:5174/:0
[  708573ms] [ERROR] Failed to load resource: net::ERR_CONNECTION_REFUSED @ http://localhost:5174/:0
[  711946ms] [ERROR] Failed to load resource: net::ERR_CONNECTION_REFUSED @ http://localhost:5174/:0
[  715322ms] [ERROR] Failed to load resource: net::ERR_CONNECTION_REFUSED @ http://localhost:5174/:0
[  718707ms] [ERROR] Failed to load resource: net::ERR_CONNECTION_REFUSED @ http://localhost:5174/:0
[  722141ms] [ERROR] Failed to load resource: net::ERR_CONNECTION_REFUSED @ http://localhost:5174/:0
[  725501ms] [ERROR] Failed to load resource: net::ERR_CONNECTION_REFUSED @ http://localhost:5174/:0
[  728883ms] [ERROR] Failed to load resource: net::ERR_CONNECTION_REFUSED @ http://localhost:5174/:0
[  732306ms] [ERROR] Failed to load resource: net::ERR_CONNECTION_REFUSED @ http://localhost:5174/:0
[  735698ms] [ERROR] Failed to load resource: net::ERR_CONNECTION_REFUSED @ http://localhost:5174/:0
[  739080ms] [ERROR] Failed to load resource: net::ERR_CONNECTION_REFUSED @ http://localhost:5174/:0
[  742479ms] [ERROR] Failed to load resource: net::ERR_CONNECTION_REFUSED @ http://localhost:5174/:0
[  745929ms] [ERROR] Failed to load resource: net::ERR_CONNECTION_REFUSED @ http://localhost:5174/:0
[  749381ms] [ERROR] Failed to load resource: net::ERR_CONNECTION_REFUSED @ http://localhost:5174/:0
[  752758ms] [ERROR] Failed to load resource: net::ERR_CONNECTION_REFUSED @ http://localhost:5174/:0
[  756156ms] [ERROR] Failed to load resource: net::ERR_CONNECTION_REFUSED @ http://localhost:5174/:0
[  759604ms] [ERROR] Failed to load resource: net::ERR_CONNECTION_REFUSED @ http://localhost:5174/:0
[  763031ms] [ERROR] Failed to load resource: net::ERR_CONNECTION_REFUSED @ http://localhost:5174/:0
[  766397ms] [ERROR] Failed to load resource: net::ERR_CONNECTION_REFUSED @ http://localhost:5174/:0
[  769797ms] [ERROR] Failed to load resource: net::ERR_CONNECTION_REFUSED @ http://localhost:5174/:0
[  773232ms] [ERROR] Failed to load resource: net::ERR_CONNECTION_REFUSED @ http://localhost:5174/:0
[  776644ms] [ERROR] Failed to load resource: net::ERR_CONNECTION_REFUSED @ http://localhost:5174/:0
[  780034ms] [ERROR] Failed to load resource: net::ERR_CONNECTION_REFUSED @ http://localhost:5174/:0
[  783426ms] [ERROR] Failed to load resource: net::ERR_CONNECTION_REFUSED @ http://localhost:5174/:0
[  786793ms] [ERROR] Failed to load resource: net::ERR_CONNECTION_REFUSED @ http://localhost:5174/:0
[  790253ms] [ERROR] Failed to load resource: net::ERR_CONNECTION_REFUSED @ http://localhost:5174/:0
[  793608ms] [ERROR] Failed to load resource: net::ERR_CONNECTION_REFUSED @ http://localhost:5174/:0
[  797033ms] [ERROR] Failed to load resource: net::ERR_CONNECTION_REFUSED @ http://localhost:5174/:0
[  800422ms] [ERROR] Failed to load resource: net::ERR_CONNECTION_REFUSED @ http://localhost:5174/:0
[  803831ms] [ERROR] Failed to load resource: net::ERR_CONNECTION_REFUSED @ http://localhost:5174/:0
[  807262ms] [ERROR] Failed to load resource: net::ERR_CONNECTION_REFUSED @ http://localhost:5174/:0
[  810715ms] [ERROR] Failed to load resource: net::ERR_CONNECTION_REFUSED @ http://localhost:5174/:0
[  814131ms] [ERROR] Failed to load resource: net::ERR_CONNECTION_REFUSED @ http://localhost:5174/:0
[  817511ms] [ERROR] Failed to load resource: net::ERR_CONNECTION_REFUSED @ http://localhost:5174/:0
[  820907ms] [ERROR] Failed to load resource: net::ERR_CONNECTION_REFUSED @ http://localhost:5174/:0
[  824324ms] [ERROR] Failed to load resource: net::ERR_CONNECTION_REFUSED @ http://localhost:5174/:0
[  827707ms] [ERROR] Failed to load resource: net::ERR_CONNECTION_REFUSED @ http://localhost:5174/:0
[  831073ms] [ERROR] Failed to load resource: net::ERR_CONNECTION_REFUSED @ http://localhost:5174/:0
[  834467ms] [ERROR] Failed to load resource: net::ERR_CONNECTION_REFUSED @ http://localhost:5174/:0
[  837872ms] [ERROR] Failed to load resource: net::ERR_CONNECTION_REFUSED @ http://localhost:5174/:0
[  841230ms] [ERROR] Failed to load resource: net::ERR_CONNECTION_REFUSED @ http://localhost:5174/:0
[  844600ms] [ERROR] Failed to load resource: net::ERR_CONNECTION_REFUSED @ http://localhost:5174/:0
[  848051ms] [ERROR] Failed to load resource: net::ERR_CONNECTION_REFUSED @ http://localhost:5174/:0
[  851462ms] [ERROR] Failed to load resource: net::ERR_CONNECTION_REFUSED @ http://localhost:5174/:0
[  854844ms] [ERROR] Failed to load resource: net::ERR_CONNECTION_REFUSED @ http://localhost:5174/:0
[  858259ms] [ERROR] Failed to load resource: net::ERR_CONNECTION_REFUSED @ http://localhost:5174/:0
[  861676ms] [ERROR] Failed to load resource: net::ERR_CONNECTION_REFUSED @ http://localhost:5174/:0
[  865074ms] [ERROR] Failed to load resource: net::ERR_CONNECTION_REFUSED @ http://localhost:5174/:0
[  868493ms] [ERROR] Failed to load resource: net::ERR_CONNECTION_REFUSED @ http://localhost:5174/:0
[  871904ms] [ERROR] Failed to load resource: net::ERR_CONNECTION_REFUSED @ http://localhost:5174/:0
[  875401ms] [ERROR] Failed to load resource: net::ERR_CONNECTION_REFUSED @ http://localhost:5174/:0
[  878781ms] [ERROR] Failed to load resource: net::ERR_CONNECTION_REFUSED @ http://localhost:5174/:0
[  882219ms] [ERROR] Failed to load resource: net::ERR_CONNECTION_REFUSED @ http://localhost:5174/:0
[  885681ms] [ERROR] Failed to load resource: net::ERR_CONNECTION_REFUSED @ http://localhost:5174/:0
[  889142ms] [ERROR] Failed to load resource: net::ERR_CONNECTION_REFUSED @ http://localhost:5174/:0
[  892576ms] [ERROR] Failed to load resource: net::ERR_CONNECTION_REFUSED @ http://localhost:5174/:0
[  896024ms] [ERROR] Failed to load resource: net::ERR_CONNECTION_REFUSED @ http://localhost:5174/:0
[  899445ms] [ERROR] Failed to load resource: net::ERR_CONNECTION_REFUSED @ http://localhost:5174/:0
[  902857ms] [ERROR] Failed to load resource: net::ERR_CONNECTION_REFUSED @ http://localhost:5174/:0
[  906255ms] [ERROR] Failed to load resource: net::ERR_CONNECTION_REFUSED @ http://localhost:5174/:0
[  909619ms] [ERROR] Failed to load resource: net::ERR_CONNECTION_REFUSED @ http://localhost:5174/:0
[  913065ms] [ERROR] Failed to load resource: net::ERR_CONNECTION_REFUSED @ http://localhost:5174/:0
[  916472ms] [ERROR] Failed to load resource: net::ERR_CONNECTION_REFUSED @ http://localhost:5174/:0
[  919853ms] [ERROR] Failed to load resource: net::ERR_CONNECTION_REFUSED @ http://localhost:5174/:0
[  923267ms] [ERROR] Failed to load resource: net::ERR_CONNECTION_REFUSED @ http://localhost:5174/:0
[  926712ms] [ERROR] Failed to load resource: net::ERR_CONNECTION_REFUSED @ http://localhost:5174/:0
[  930108ms] [ERROR] Failed to load resource: net::ERR_CONNECTION_REFUSED @ http://localhost:5174/:0
[  933489ms] [ERROR] Failed to load resource: net::ERR_CONNECTION_REFUSED @ http://localhost:5174/:0
[  936888ms] [ERROR] Failed to load resource: net::ERR_CONNECTION_REFUSED @ http://localhost:5174/:0
[  940299ms] [ERROR] Failed to load resource: net::ERR_CONNECTION_REFUSED @ http://localhost:5174/:0
[  943668ms] [ERROR] Failed to load resource: net::ERR_CONNECTION_REFUSED @ http://localhost:5174/:0
[  947156ms] [ERROR] Failed to load resource: net::ERR_CONNECTION_REFUSED @ http://localhost:5174/:0
[  950534ms] [ERROR] Failed to load resource: net::ERR_CONNECTION_REFUSED @ http://localhost:5174/:0
[  953931ms] [ERROR] Failed to load resource: net::ERR_CONNECTION_REFUSED @ http://localhost:5174/:0
[  957294ms] [ERROR] Failed to load resource: net::ERR_CONNECTION_REFUSED @ http://localhost:5174/:0
[  960678ms] [ERROR] Failed to load resource: net::ERR_CONNECTION_REFUSED @ http://localhost:5174/:0
[  964040ms] [ERROR] Failed to load resource: net::ERR_CONNECTION_REFUSED @ http://localhost:5174/:0
[  967445ms] [ERROR] Failed to load resource: net::ERR_CONNECTION_REFUSED @ http://localhost:5174/:0
[  970811ms] [ERROR] Failed to load resource: net::ERR_CONNECTION_REFUSED @ http://localhost:5174/:0
[  974204ms] [ERROR] Failed to load resource: net::ERR_CONNECTION_REFUSED @ http://localhost:5174/:0
[  977573ms] [ERROR] Failed to load resource: net::ERR_CONNECTION_REFUSED @ http://localhost:5174/:0
[  980975ms] [ERROR] Failed to load resource: net::ERR_CONNECTION_REFUSED @ http://localhost:5174/:0
[  984351ms] [ERROR] Failed to load resource: net::ERR_CONNECTION_REFUSED @ http://localhost:5174/:0
[  987786ms] [ERROR] Failed to load resource: net::ERR_CONNECTION_REFUSED @ http://localhost:5174/:0
[  991167ms] [ERROR] Failed to load resource: net::ERR_CONNECTION_REFUSED @ http://localhost:5174/:0
[  994564ms] [ERROR] Failed to load resource: net::ERR_CONNECTION_REFUSED @ http://localhost:5174/:0
[  997963ms] [ERROR] Failed to load resource: net::ERR_CONNECTION_REFUSED @ http://localhost:5174/:0
[ 1001395ms] [ERROR] Failed to load resource: net::ERR_CONNECTION_REFUSED @ http://localhost:5174/:0
[ 1004858ms] [ERROR] Failed to load resource: net::ERR_CONNECTION_REFUSED @ http://localhost:5174/:0
[ 1008220ms] [ERROR] Failed to load resource: net::ERR_CONNECTION_REFUSED @ http://localhost:5174/:0
[ 1011604ms] [ERROR] Failed to load resource: net::ERR_CONNECTION_REFUSED @ http://localhost:5174/:0
[ 1015035ms] [ERROR] Failed to load resource: net::ERR_CONNECTION_REFUSED @ http://localhost:5174/:0
[ 1018450ms] [ERROR] Failed to load resource: net::ERR_CONNECTION_REFUSED @ http://localhost:5174/:0
[ 1021850ms] [ERROR] Failed to load resource: net::ERR_CONNECTION_REFUSED @ http://localhost:5174/:0
[ 1025270ms] [ERROR] Failed to load resource: net::ERR_CONNECTION_REFUSED @ http://localhost:5174/:0
[ 1028965ms] [ERROR] Failed to load resource: net::ERR_CONNECTION_REFUSED @ http://localhost:5174/:0
[ 1032377ms] [ERROR] Failed to load resource: net::ERR_CONNECTION_REFUSED @ http://localhost:5174/:0
[ 1035761ms] [ERROR] Failed to load resource: net::ERR_CONNECTION_REFUSED @ http://localhost:5174/:0
[ 1039128ms] [ERROR] Failed to load resource: net::ERR_CONNECTION_REFUSED @ http://localhost:5174/:0
[ 1042544ms] [ERROR] Failed to load resource: net::ERR_CONNECTION_REFUSED @ http://localhost:5174/:0
[ 1045978ms] [ERROR] Failed to load resource: net::ERR_CONNECTION_REFUSED @ http://localhost:5174/:0
[ 1049387ms] [ERROR] Failed to load resource: net::ERR_CONNECTION_REFUSED @ http://localhost:5174/:0
[ 1052757ms] [ERROR] Failed to load resource: net::ERR_CONNECTION_REFUSED @ http://localhost:5174/:0
[ 1056256ms] [ERROR] Failed to load resource: net::ERR_CONNECTION_REFUSED @ http://localhost:5174/:0
[ 1059755ms] [ERROR] Failed to load resource: net::ERR_CONNECTION_REFUSED @ http://localhost:5174/:0
[ 1063267ms] [ERROR] Failed to load resource: net::ERR_CONNECTION_REFUSED @ http://localhost:5174/:0
[ 1066709ms] [ERROR] Failed to load resource: net::ERR_CONNECTION_REFUSED @ http://localhost:5174/:0
[ 1070125ms] [ERROR] Failed to load resource: net::ERR_CONNECTION_REFUSED @ http://localhost:5174/:0
[ 1073542ms] [ERROR] Failed to load resource: net::ERR_CONNECTION_REFUSED @ http://localhost:5174/:0
[ 1076909ms] [ERROR] Failed to load resource: net::ERR_CONNECTION_REFUSED @ http://localhost:5174/:0
[ 1080341ms] [ERROR] Failed to load resource: net::ERR_CONNECTION_REFUSED @ http://localhost:5174/:0
[ 1083754ms] [ERROR] Failed to load resource: net::ERR_CONNECTION_REFUSED @ http://localhost:5174/:0
[ 1087135ms] [ERROR] Failed to load resource: net::ERR_CONNECTION_REFUSED @ http://localhost:5174/:0
[ 1090517ms] [ERROR] Failed to load resource: net::ERR_CONNECTION_REFUSED @ http://localhost:5174/:0
[ 1093958ms] [ERROR] Failed to load resource: net::ERR_CONNECTION_REFUSED @ http://localhost:5174/:0
[ 1097346ms] [ERROR] Failed to load resource: net::ERR_CONNECTION_REFUSED @ http://localhost:5174/:0
[ 1100749ms] [ERROR] Failed to load resource: net::ERR_CONNECTION_REFUSED @ http://localhost:5174/:0
[ 1104129ms] [ERROR] Failed to load resource: net::ERR_CONNECTION_REFUSED @ http://localhost:5174/:0
[ 1107590ms] [ERROR] Failed to load resource: net::ERR_CONNECTION_REFUSED @ http://localhost:5174/:0
[ 1111008ms] [ERROR] Failed to load resource: net::ERR_CONNECTION_REFUSED @ http://localhost:5174/:0
[ 1114389ms] [ERROR] Failed to load resource: net::ERR_CONNECTION_REFUSED @ http://localhost:5174/:0
[ 1117804ms] [ERROR] Failed to load resource: net::ERR_CONNECTION_REFUSED @ http://localhost:5174/:0
[ 1121191ms] [ERROR] Failed to load resource: net::ERR_CONNECTION_REFUSED @ http://localhost:5174/:0
[ 1124590ms] [ERROR] Failed to load resource: net::ERR_CONNECTION_REFUSED @ http://localhost:5174/:0
[ 1127999ms] [ERROR] Failed to load resource: net::ERR_CONNECTION_REFUSED @ http://localhost:5174/:0
[ 1131364ms] [ERROR] Failed to load resource: net::ERR_CONNECTION_REFUSED @ http://localhost:5174/:0
[ 1134763ms] [ERROR] Failed to load resource: net::ERR_CONNECTION_REFUSED @ http://localhost:5174/:0
[ 1138196ms] [ERROR] Failed to load resource: net::ERR_CONNECTION_REFUSED @ http://localhost:5174/:0
[ 1141613ms] [ERROR] Failed to load resource: net::ERR_CONNECTION_REFUSED @ http://localhost:5174/:0
[ 1145044ms] [ERROR] Failed to load resource: net::ERR_CONNECTION_REFUSED @ http://localhost:5174/:0
[ 1148461ms] [ERROR] Failed to load resource: net::ERR_CONNECTION_REFUSED @ http://localhost:5174/:0
[ 1151858ms] [ERROR] Failed to load resource: net::ERR_CONNECTION_REFUSED @ http://localhost:5174/:0
[ 1155275ms] [ERROR] Failed to load resource: net::ERR_CONNECTION_REFUSED @ http://localhost:5174/:0
[ 1158637ms] [ERROR] Failed to load resource: net::ERR_CONNECTION_REFUSED @ http://localhost:5174/:0
[ 1162057ms] [ERROR] Failed to load resource: net::ERR_CONNECTION_REFUSED @ http://localhost:5174/:0
[ 1165432ms] [ERROR] Failed to load resource: net::ERR_CONNECTION_REFUSED @ http://localhost:5174/:0
[ 1168817ms] [ERROR] Failed to load resource: net::ERR_CONNECTION_REFUSED @ http://localhost:5174/:0
[ 1172217ms] [ERROR] Failed to load resource: net::ERR_CONNECTION_REFUSED @ http://localhost:5174/:0
[ 1175666ms] [ERROR] Failed to load resource: net::ERR_CONNECTION_REFUSED @ http://localhost:5174/:0
[ 1179030ms] [ERROR] Failed to load resource: net::ERR_CONNECTION_REFUSED @ http://localhost:5174/:0
[ 1182410ms] [ERROR] Failed to load resource: net::ERR_CONNECTION_REFUSED @ http://localhost:5174/:0
[ 1185812ms] [ERROR] Failed to load resource: net::ERR_CONNECTION_REFUSED @ http://localhost:5174/:0
[ 1189176ms] [ERROR] Failed to load resource: net::ERR_CONNECTION_REFUSED @ http://localhost:5174/:0
[ 1192658ms] [ERROR] Failed to load resource: net::ERR_CONNECTION_REFUSED @ http://localhost:5174/:0
[ 1196025ms] [ERROR] Failed to load resource: net::ERR_CONNECTION_REFUSED @ http://localhost:5174/:0
[ 1199406ms] [ERROR] Failed to load resource: net::ERR_CONNECTION_REFUSED @ http://localhost:5174/:0
[ 1202880ms] [ERROR] Failed to load resource: net::ERR_CONNECTION_REFUSED @ http://localhost:5174/:0
[ 1206266ms] [ERROR] Failed to load resource: net::ERR_CONNECTION_REFUSED @ http://localhost:5174/:0
[ 1209653ms] [ERROR] Failed to load resource: net::ERR_CONNECTION_REFUSED @ http://localhost:5174/:0
[ 1213078ms] [ERROR] Failed to load resource: net::ERR_CONNECTION_REFUSED @ http://localhost:5174/:0
[ 1216481ms] [ERROR] Failed to load resource: net::ERR_CONNECTION_REFUSED @ http://localhost:5174/:0
[ 1219860ms] [ERROR] Failed to load resource: net::ERR_CONNECTION_REFUSED @ http://localhost:5174/:0
[ 1223241ms] [ERROR] Failed to load resource: net::ERR_CONNECTION_REFUSED @ http://localhost:5174/:0
[ 1226638ms] [ERROR] Failed to load resource: net::ERR_CONNECTION_REFUSED @ http://localhost:5174/:0
[ 1230041ms] [ERROR] Failed to load resource: net::ERR_CONNECTION_REFUSED @ http://localhost:5174/:0
[ 1233444ms] [ERROR] Failed to load resource: net::ERR_CONNECTION_REFUSED @ http://localhost:5174/:0
[ 1236822ms] [ERROR] Failed to load resource: net::ERR_CONNECTION_REFUSED @ http://localhost:5174/:0
[ 1240220ms] [ERROR] Failed to load resource: net::ERR_CONNECTION_REFUSED @ http://localhost:5174/:0
[ 1243585ms] [ERROR] Failed to load resource: net::ERR_CONNECTION_REFUSED @ http://localhost:5174/:0
[ 1246967ms] [ERROR] Failed to load resource: net::ERR_CONNECTION_REFUSED @ http://localhost:5174/:0
[ 1250431ms] [ERROR] Failed to load resource: net::ERR_CONNECTION_REFUSED @ http://localhost:5174/:0
[ 1253833ms] [ERROR] Failed to load resource: net::ERR_CONNECTION_REFUSED @ http://localhost:5174/:0
[ 1257193ms] [ERROR] Failed to load resource: net::ERR_CONNECTION_REFUSED @ http://localhost:5174/:0
[ 1260556ms] [ERROR] Failed to load resource: net::ERR_CONNECTION_REFUSED @ http://localhost:5174/:0
[ 1263909ms] [ERROR] Failed to load resource: net::ERR_CONNECTION_REFUSED @ http://localhost:5174/:0
[ 1267285ms] [ERROR] Failed to load resource: net::ERR_CONNECTION_REFUSED @ http://localhost:5174/:0
[ 1270658ms] [ERROR] Failed to load resource: net::ERR_CONNECTION_REFUSED @ http://localhost:5174/:0
[ 1274004ms] [ERROR] Failed to load resource: net::ERR_CONNECTION_REFUSED @ http://localhost:5174/:0
[ 1277380ms] [ERROR] Failed to load resource: net::ERR_CONNECTION_REFUSED @ http://localhost:5174/:0
[ 1280694ms] [ERROR] Failed to load resource: net::ERR_CONNECTION_REFUSED @ http://localhost:5174/:0
[ 1284047ms] [ERROR] Failed to load resource: net::ERR_CONNECTION_REFUSED @ http://localhost:5174/:0
[ 1287425ms] [ERROR] Failed to load resource: net::ERR_CONNECTION_REFUSED @ http://localhost:5174/:0
[ 1290800ms] [ERROR] Failed to load resource: net::ERR_CONNECTION_REFUSED @ http://localhost:5174/:0
[ 1294156ms] [ERROR] Failed to load resource: net::ERR_CONNECTION_REFUSED @ http://localhost:5174/:0
[ 1297519ms] [ERROR] Failed to load resource: net::ERR_CONNECTION_REFUSED @ http://localhost:5174/:0
[ 1300872ms] [ERROR] Failed to load resource: net::ERR_CONNECTION_REFUSED @ http://localhost:5174/:0
[ 1304233ms] [ERROR] Failed to load resource: net::ERR_CONNECTION_REFUSED @ http://localhost:5174/:0
[ 1307620ms] [ERROR] Failed to load resource: net::ERR_CONNECTION_REFUSED @ http://localhost:5174/:0
[ 1310997ms] [ERROR] Failed to load resource: net::ERR_CONNECTION_REFUSED @ http://localhost:5174/:0
[ 1314329ms] [ERROR] Failed to load resource: net::ERR_CONNECTION_REFUSED @ http://localhost:5174/:0
[ 1317696ms] [ERROR] Failed to load resource: net::ERR_CONNECTION_REFUSED @ http://localhost:5174/:0
[ 1321054ms] [ERROR] Failed to load resource: net::ERR_CONNECTION_REFUSED @ http://localhost:5174/:0
[ 1324411ms] [ERROR] Failed to load resource: net::ERR_CONNECTION_REFUSED @ http://localhost:5174/:0
[ 1327765ms] [ERROR] Failed to load resource: net::ERR_CONNECTION_REFUSED @ http://localhost:5174/:0
[ 1331105ms] [ERROR] Failed to load resource: net::ERR_CONNECTION_REFUSED @ http://localhost:5174/:0
[ 1334457ms] [ERROR] Failed to load resource: net::ERR_CONNECTION_REFUSED @ http://localhost:5174/:0
[ 1337777ms] [ERROR] Failed to load resource: net::ERR_CONNECTION_REFUSED @ http://localhost:5174/:0
[ 1341156ms] [ERROR] Failed to load resource: net::ERR_CONNECTION_REFUSED @ http://localhost:5174/:0
[ 1344488ms] [ERROR] Failed to load resource: net::ERR_CONNECTION_REFUSED @ http://localhost:5174/:0
[ 1347870ms] [ERROR] Failed to load resource: net::ERR_CONNECTION_REFUSED @ http://localhost:5174/:0
[ 1351215ms] [ERROR] Failed to load resource: net::ERR_CONNECTION_REFUSED @ http://localhost:5174/:0
[ 1354596ms] [ERROR] Failed to load resource: net::ERR_CONNECTION_REFUSED @ http://localhost:5174/:0
[ 1357927ms] [ERROR] Failed to load resource: net::ERR_CONNECTION_REFUSED @ http://localhost:5174/:0
[ 1361278ms] [ERROR] Failed to load resource: net::ERR_CONNECTION_REFUSED @ http://localhost:5174/:0
[ 1364659ms] [ERROR] Failed to load resource: net::ERR_CONNECTION_REFUSED @ http://localhost:5174/:0
[ 1368026ms] [ERROR] Failed to load resource: net::ERR_CONNECTION_REFUSED @ http://localhost:5174/:0
[ 1371370ms] [ERROR] Failed to load resource: net::ERR_CONNECTION_REFUSED @ http://localhost:5174/:0
[ 1374718ms] [ERROR] Failed to load resource: net::ERR_CONNECTION_REFUSED @ http://localhost:5174/:0
[ 1378073ms] [ERROR] Failed to load resource: net::ERR_CONNECTION_REFUSED @ http://localhost:5174/:0
[ 1381464ms] [ERROR] Failed to load resource: net::ERR_CONNECTION_REFUSED @ http://localhost:5174/:0
[ 1384848ms] [ERROR] Failed to load resource: net::ERR_CONNECTION_REFUSED @ http://localhost:5174/:0
[ 1388213ms] [ERROR] Failed to load resource: net::ERR_CONNECTION_REFUSED @ http://localhost:5174/:0
[ 1391599ms] [ERROR] Failed to load resource: net::ERR_CONNECTION_REFUSED @ http://localhost:5174/:0
[ 1394946ms] [ERROR] Failed to load resource: net::ERR_CONNECTION_REFUSED @ http://localhost:5174/:0
[ 1398296ms] [ERROR] Failed to load resource: net::ERR_CONNECTION_REFUSED @ http://localhost:5174/:0
[ 1401655ms] [ERROR] Failed to load resource: net::ERR_CONNECTION_REFUSED @ http://localhost:5174/:0
[ 1405021ms] [ERROR] Failed to load resource: net::ERR_CONNECTION_REFUSED @ http://localhost:5174/:0
[ 1408359ms] [ERROR] Failed to load resource: net::ERR_CONNECTION_REFUSED @ http://localhost:5174/:0
[ 1411705ms] [ERROR] Failed to load resource: net::ERR_CONNECTION_REFUSED @ http://localhost:5174/:0
[ 1415051ms] [ERROR] Failed to load resource: net::ERR_CONNECTION_REFUSED @ http://localhost:5174/:0
[ 1418416ms] [ERROR] Failed to load resource: net::ERR_CONNECTION_REFUSED @ http://localhost:5174/:0
[ 1421781ms] [ERROR] Failed to load resource: net::ERR_CONNECTION_REFUSED @ http://localhost:5174/:0
[ 1425132ms] [ERROR] Failed to load resource: net::ERR_CONNECTION_REFUSED @ http://localhost:5174/:0
[ 1428493ms] [ERROR] Failed to load resource: net::ERR_CONNECTION_REFUSED @ http://localhost:5174/:0
[ 1431862ms] [ERROR] Failed to load resource: net::ERR_CONNECTION_REFUSED @ http://localhost:5174/:0
[ 1435211ms] [ERROR] Failed to load resource: net::ERR_CONNECTION_REFUSED @ http://localhost:5174/:0
[ 1438563ms] [ERROR] Failed to load resource: net::ERR_CONNECTION_REFUSED @ http://localhost:5174/:0
[ 1441923ms] [ERROR] Failed to load resource: net::ERR_CONNECTION_REFUSED @ http://localhost:5174/:0
[ 1445302ms] [ERROR] Failed to load resource: net::ERR_CONNECTION_REFUSED @ http://localhost:5174/:0
[ 1448670ms] [ERROR] Failed to load resource: net::ERR_CONNECTION_REFUSED @ http://localhost:5174/:0
[ 1452039ms] [ERROR] Failed to load resource: net::ERR_CONNECTION_REFUSED @ http://localhost:5174/:0
[ 1455403ms] [ERROR] Failed to load resource: net::ERR_CONNECTION_REFUSED @ http://localhost:5174/:0
[ 1458749ms] [ERROR] Failed to load resource: net::ERR_CONNECTION_REFUSED @ http://localhost:5174/:0
[ 1462112ms] [ERROR] Failed to load resource: net::ERR_CONNECTION_REFUSED @ http://localhost:5174/:0
[ 1465476ms] [ERROR] Failed to load resource: net::ERR_CONNECTION_REFUSED @ http://localhost:5174/:0
[ 1468860ms] [ERROR] Failed to load resource: net::ERR_CONNECTION_REFUSED @ http://localhost:5174/:0
[ 1472215ms] [ERROR] Failed to load resource: net::ERR_CONNECTION_REFUSED @ http://localhost:5174/:0
[ 1475566ms] [ERROR] Failed to load resource: net::ERR_CONNECTION_REFUSED @ http://localhost:5174/:0
[ 1478903ms] [ERROR] Failed to load resource: net::ERR_CONNECTION_REFUSED @ http://localhost:5174/:0
[ 1482322ms] [ERROR] Failed to load resource: net::ERR_CONNECTION_REFUSED @ http://localhost:5174/:0
[ 1485686ms] [ERROR] Failed to load resource: net::ERR_CONNECTION_REFUSED @ http://localhost:5174/:0
[ 1489053ms] [ERROR] Failed to load resource: net::ERR_CONNECTION_REFUSED @ http://localhost:5174/:0
[ 1492449ms] [ERROR] Failed to load resource: net::ERR_CONNECTION_REFUSED @ http://localhost:5174/:0
[ 1495820ms] [ERROR] Failed to load resource: net::ERR_CONNECTION_REFUSED @ http://localhost:5174/:0
[ 1499194ms] [ERROR] Failed to load resource: net::ERR_CONNECTION_REFUSED @ http://localhost:5174/:0
[ 1502558ms] [ERROR] Failed to load resource: net::ERR_CONNECTION_REFUSED @ http://localhost:5174/:0
[ 1505893ms] [ERROR] Failed to load resource: net::ERR_CONNECTION_REFUSED @ http://localhost:5174/:0
[ 1509228ms] [ERROR] Failed to load resource: net::ERR_CONNECTION_REFUSED @ http://localhost:5174/:0
[ 1512576ms] [ERROR] Failed to load resource: net::ERR_CONNECTION_REFUSED @ http://localhost:5174/:0
[ 1515907ms] [ERROR] Failed to load resource: net::ERR_CONNECTION_REFUSED @ http://localhost:5174/:0
[ 1519257ms] [ERROR] Failed to load resource: net::ERR_CONNECTION_REFUSED @ http://localhost:5174/:0
[ 1522623ms] [ERROR] Failed to load resource: net::ERR_CONNECTION_REFUSED @ http://localhost:5174/:0
[ 1525983ms] [ERROR] Failed to load resource: net::ERR_CONNECTION_REFUSED @ http://localhost:5174/:0
[ 1529335ms] [ERROR] Failed to load resource: net::ERR_CONNECTION_REFUSED @ http://localhost:5174/:0
[ 1532699ms] [ERROR] Failed to load resource: net::ERR_CONNECTION_REFUSED @ http://localhost:5174/:0
[ 1536061ms] [ERROR] Failed to load resource: net::ERR_CONNECTION_REFUSED @ http://localhost:5174/:0
[ 1539410ms] [ERROR] Failed to load resource: net::ERR_CONNECTION_REFUSED @ http://localhost:5174/:0
[ 1542793ms] [ERROR] Failed to load resource: net::ERR_CONNECTION_REFUSED @ http://localhost:5174/:0
[ 1546158ms] [ERROR] Failed to load resource: net::ERR_CONNECTION_REFUSED @ http://localhost:5174/:0
[ 1549532ms] [ERROR] Failed to load resource: net::ERR_CONNECTION_REFUSED @ http://localhost:5174/:0
[ 1552903ms] [ERROR] Failed to load resource: net::ERR_CONNECTION_REFUSED @ http://localhost:5174/:0
[ 1556271ms] [ERROR] Failed to load resource: net::ERR_CONNECTION_REFUSED @ http://localhost:5174/:0
[ 1559632ms] [ERROR] Failed to load resource: net::ERR_CONNECTION_REFUSED @ http://localhost:5174/:0
[ 1562988ms] [ERROR] Failed to load resource: net::ERR_CONNECTION_REFUSED @ http://localhost:5174/:0
[ 1566348ms] [ERROR] Failed to load resource: net::ERR_CONNECTION_REFUSED @ http://localhost:5174/:0
[ 1569683ms] [ERROR] Failed to load resource: net::ERR_CONNECTION_REFUSED @ http://localhost:5174/:0
[ 1573045ms] [ERROR] Failed to load resource: net::ERR_CONNECTION_REFUSED @ http://localhost:5174/:0
[ 1576392ms] [ERROR] Failed to load resource: net::ERR_CONNECTION_REFUSED @ http://localhost:5174/:0
[ 1579758ms] [ERROR] Failed to load resource: net::ERR_CONNECTION_REFUSED @ http://localhost:5174/:0
[ 1583113ms] [ERROR] Failed to load resource: net::ERR_CONNECTION_REFUSED @ http://localhost:5174/:0
[ 1586470ms] [ERROR] Failed to load resource: net::ERR_CONNECTION_REFUSED @ http://localhost:5174/:0
[ 1589819ms] [ERROR] Failed to load resource: net::ERR_CONNECTION_REFUSED @ http://localhost:5174/:0
[ 1593168ms] [ERROR] Failed to load resource: net::ERR_CONNECTION_REFUSED @ http://localhost:5174/:0
[ 1596535ms] [ERROR] Failed to load resource: net::ERR_CONNECTION_REFUSED @ http://localhost:5174/:0
[ 1599873ms] [ERROR] Failed to load resource: net::ERR_CONNECTION_REFUSED @ http://localhost:5174/:0
[ 1603214ms] [ERROR] Failed to load resource: net::ERR_CONNECTION_REFUSED @ http://localhost:5174/:0
[ 1606580ms] [ERROR] Failed to load resource: net::ERR_CONNECTION_REFUSED @ http://localhost:5174/:0
[ 1609944ms] [ERROR] Failed to load resource: net::ERR_CONNECTION_REFUSED @ http://localhost:5174/:0
[ 1613311ms] [ERROR] Failed to load resource: net::ERR_CONNECTION_REFUSED @ http://localhost:5174/:0
[ 1616675ms] [ERROR] Failed to load resource: net::ERR_CONNECTION_REFUSED @ http://localhost:5174/:0
[ 1620060ms] [ERROR] Failed to load resource: net::ERR_CONNECTION_REFUSED @ http://localhost:5174/:0
[ 1623408ms] [ERROR] Failed to load resource: net::ERR_CONNECTION_REFUSED @ http://localhost:5174/:0
[ 1626771ms] [ERROR] Failed to load resource: net::ERR_CONNECTION_REFUSED @ http://localhost:5174/:0
[ 1630118ms] [ERROR] Failed to load resource: net::ERR_CONNECTION_REFUSED @ http://localhost:5174/:0
[ 1633483ms] [ERROR] Failed to load resource: net::ERR_CONNECTION_REFUSED @ http://localhost:5174/:0
[ 1636867ms] [ERROR] Failed to load resource: net::ERR_CONNECTION_REFUSED @ http://localhost:5174/:0
[ 1640224ms] [ERROR] Failed to load resource: net::ERR_CONNECTION_REFUSED @ http://localhost:5174/:0
[ 1643580ms] [ERROR] Failed to load resource: net::ERR_CONNECTION_REFUSED @ http://localhost:5174/:0
[ 1646930ms] [ERROR] Failed to load resource: net::ERR_CONNECTION_REFUSED @ http://localhost:5174/:0
[ 1650279ms] [ERROR] Failed to load resource: net::ERR_CONNECTION_REFUSED @ http://localhost:5174/:0
[ 1653642ms] [ERROR] Failed to load resource: net::ERR_CONNECTION_REFUSED @ http://localhost:5174/:0
[ 1656990ms] [ERROR] Failed to load resource: net::ERR_CONNECTION_REFUSED @ http://localhost:5174/:0
[ 1660337ms] [ERROR] Failed to load resource: net::ERR_CONNECTION_REFUSED @ http://localhost:5174/:0
[ 1663704ms] [ERROR] Failed to load resource: net::ERR_CONNECTION_REFUSED @ http://localhost:5174/:0
[ 1667052ms] [ERROR] Failed to load resource: net::ERR_CONNECTION_REFUSED @ http://localhost:5174/:0
[ 1670403ms] [ERROR] Failed to load resource: net::ERR_CONNECTION_REFUSED @ http://localhost:5174/:0
[ 1673764ms] [ERROR] Failed to load resource: net::ERR_CONNECTION_REFUSED @ http://localhost:5174/:0
[ 1677131ms] [ERROR] Failed to load resource: net::ERR_CONNECTION_REFUSED @ http://localhost:5174/:0
[ 1680479ms] [ERROR] Failed to load resource: net::ERR_CONNECTION_REFUSED @ http://localhost:5174/:0
[ 1683845ms] [ERROR] Failed to load resource: net::ERR_CONNECTION_REFUSED @ http://localhost:5174/:0
[ 1687208ms] [ERROR] Failed to load resource: net::ERR_CONNECTION_REFUSED @ http://localhost:5174/:0
[ 1690592ms] [ERROR] Failed to load resource: net::ERR_CONNECTION_REFUSED @ http://localhost:5174/:0
[ 1693963ms] [ERROR] Failed to load resource: net::ERR_CONNECTION_REFUSED @ http://localhost:5174/:0
[ 1697320ms] [ERROR] Failed to load resource: net::ERR_CONNECTION_REFUSED @ http://localhost:5174/:0
[ 1700707ms] [ERROR] Failed to load resource: net::ERR_CONNECTION_REFUSED @ http://localhost:5174/:0
[ 1704101ms] [ERROR] Failed to load resource: net::ERR_CONNECTION_REFUSED @ http://localhost:5174/:0
[ 1707455ms] [ERROR] Failed to load resource: net::ERR_CONNECTION_REFUSED @ http://localhost:5174/:0
[ 1710856ms] [ERROR] Failed to load resource: net::ERR_CONNECTION_REFUSED @ http://localhost:5174/:0
[ 1714232ms] [ERROR] Failed to load resource: net::ERR_CONNECTION_REFUSED @ http://localhost:5174/:0
[ 1717594ms] [ERROR] Failed to load resource: net::ERR_CONNECTION_REFUSED @ http://localhost:5174/:0
[ 1720945ms] [ERROR] Failed to load resource: net::ERR_CONNECTION_REFUSED @ http://localhost:5174/:0
[ 1724317ms] [ERROR] Failed to load resource: net::ERR_CONNECTION_REFUSED @ http://localhost:5174/:0
[ 1727682ms] [ERROR] Failed to load resource: net::ERR_CONNECTION_REFUSED @ http://localhost:5174/:0
[ 1731026ms] [ERROR] Failed to load resource: net::ERR_CONNECTION_REFUSED @ http://localhost:5174/:0
[ 1734359ms] [ERROR] Failed to load resource: net::ERR_CONNECTION_REFUSED @ http://localhost:5174/:0
[ 1737718ms] [ERROR] Failed to load resource: net::ERR_CONNECTION_REFUSED @ http://localhost:5174/:0
[ 1741098ms] [ERROR] Failed to load resource: net::ERR_CONNECTION_REFUSED @ http://localhost:5174/:0
[ 1744465ms] [ERROR] Failed to load resource: net::ERR_CONNECTION_REFUSED @ http://localhost:5174/:0
[ 1747816ms] [ERROR] Failed to load resource: net::ERR_CONNECTION_REFUSED @ http://localhost:5174/:0
[ 1751194ms] [ERROR] Failed to load resource: net::ERR_CONNECTION_REFUSED @ http://localhost:5174/:0
[ 1754582ms] [ERROR] Failed to load resource: net::ERR_CONNECTION_REFUSED @ http://localhost:5174/:0
[ 1757926ms] [ERROR] Failed to load resource: net::ERR_CONNECTION_REFUSED @ http://localhost:5174/:0
[ 1761292ms] [ERROR] Failed to load resource: net::ERR_CONNECTION_REFUSED @ http://localhost:5174/:0
[ 1764661ms] [ERROR] Failed to load resource: net::ERR_CONNECTION_REFUSED @ http://localhost:5174/:0
[ 1768014ms] [ERROR] Failed to load resource: net::ERR_CONNECTION_REFUSED @ http://localhost:5174/:0
[ 1771368ms] [ERROR] Failed to load resource: net::ERR_CONNECTION_REFUSED @ http://localhost:5174/:0
[ 1774752ms] [ERROR] Failed to load resource: net::ERR_CONNECTION_REFUSED @ http://localhost:5174/:0
[ 1778096ms] [ERROR] Failed to load resource: net::ERR_CONNECTION_REFUSED @ http://localhost:5174/:0
[ 1781458ms] [ERROR] Failed to load resource: net::ERR_CONNECTION_REFUSED @ http://localhost:5174/:0
[ 1784816ms] [ERROR] Failed to load resource: net::ERR_CONNECTION_REFUSED @ http://localhost:5174/:0
[ 1788171ms] [ERROR] Failed to load resource: net::ERR_CONNECTION_REFUSED @ http://localhost:5174/:0
[ 1791567ms] [ERROR] Failed to load resource: net::ERR_CONNECTION_REFUSED @ http://localhost:5174/:0
[ 1794903ms] [ERROR] Failed to load resource: net::ERR_CONNECTION_REFUSED @ http://localhost:5174/:0
[ 1798293ms] [ERROR] Failed to load resource: net::ERR_CONNECTION_REFUSED @ http://localhost:5174/:0
[ 1801639ms] [ERROR] Failed to load resource: net::ERR_CONNECTION_REFUSED @ http://localhost:5174/:0
[ 1804996ms] [ERROR] Failed to load resource: net::ERR_CONNECTION_REFUSED @ http://localhost:5174/:0
[ 1808353ms] [ERROR] Failed to load resource: net::ERR_CONNECTION_REFUSED @ http://localhost:5174/:0
[ 1811703ms] [ERROR] Failed to load resource: net::ERR_CONNECTION_REFUSED @ http://localhost:5174/:0
[ 1815051ms] [ERROR] Failed to load resource: net::ERR_CONNECTION_REFUSED @ http://localhost:5174/:0
[ 1818417ms] [ERROR] Failed to load resource: net::ERR_CONNECTION_REFUSED @ http://localhost:5174/:0
[ 1821797ms] [ERROR] Failed to load resource: net::ERR_CONNECTION_REFUSED @ http://localhost:5174/:0
[ 1825148ms] [ERROR] Failed to load resource: net::ERR_CONNECTION_REFUSED @ http://localhost:5174/:0
[ 1828498ms] [ERROR] Failed to load resource: net::ERR_CONNECTION_REFUSED @ http://localhost:5174/:0
[ 1831841ms] [ERROR] Failed to load resource: net::ERR_CONNECTION_REFUSED @ http://localhost:5174/:0
[ 1835199ms] [ERROR] Failed to load resource: net::ERR_CONNECTION_REFUSED @ http://localhost:5174/:0
[ 1838557ms] [ERROR] Failed to load resource: net::ERR_CONNECTION_REFUSED @ http://localhost:5174/:0
[ 1841905ms] [ERROR] Failed to load resource: net::ERR_CONNECTION_REFUSED @ http://localhost:5174/:0
[ 1845279ms] [ERROR] Failed to load resource: net::ERR_CONNECTION_REFUSED @ http://localhost:5174/:0
[ 1848718ms] [ERROR] Failed to load resource: net::ERR_CONNECTION_REFUSED @ http://localhost:5174/:0
[ 1852082ms] [ERROR] Failed to load resource: net::ERR_CONNECTION_REFUSED @ http://localhost:5174/:0
[ 1855415ms] [ERROR] Failed to load resource: net::ERR_CONNECTION_REFUSED @ http://localhost:5174/:0
[ 1858765ms] [ERROR] Failed to load resource: net::ERR_CONNECTION_REFUSED @ http://localhost:5174/:0
[ 1862135ms] [ERROR] Failed to load resource: net::ERR_CONNECTION_REFUSED @ http://localhost:5174/:0
[ 1865484ms] [ERROR] Failed to load resource: net::ERR_CONNECTION_REFUSED @ http://localhost:5174/:0
[ 1868856ms] [ERROR] Failed to load resource: net::ERR_CONNECTION_REFUSED @ http://localhost:5174/:0
[ 1872206ms] [ERROR] Failed to load resource: net::ERR_CONNECTION_REFUSED @ http://localhost:5174/:0
[ 1875565ms] [ERROR] Failed to load resource: net::ERR_CONNECTION_REFUSED @ http://localhost:5174/:0
[ 1878927ms] [ERROR] Failed to load resource: net::ERR_CONNECTION_REFUSED @ http://localhost:5174/:0
[ 1882290ms] [ERROR] Failed to load resource: net::ERR_CONNECTION_REFUSED @ http://localhost:5174/:0
[ 1885637ms] [ERROR] Failed to load resource: net::ERR_CONNECTION_REFUSED @ http://localhost:5174/:0
[ 1889034ms] [ERROR] Failed to load resource: net::ERR_CONNECTION_REFUSED @ http://localhost:5174/:0
[ 1892381ms] [ERROR] Failed to load resource: net::ERR_CONNECTION_REFUSED @ http://localhost:5174/:0
[ 1895768ms] [ERROR] Failed to load resource: net::ERR_CONNECTION_REFUSED @ http://localhost:5174/:0
[ 1899199ms] [ERROR] Failed to load resource: net::ERR_CONNECTION_REFUSED @ http://localhost:5174/:0
[ 1902718ms] [ERROR] Failed to load resource: net::ERR_CONNECTION_REFUSED @ http://localhost:5174/:0
[ 1906080ms] [ERROR] Failed to load resource: net::ERR_CONNECTION_REFUSED @ http://localhost:5174/:0
[ 1909467ms] [ERROR] Failed to load resource: net::ERR_CONNECTION_REFUSED @ http://localhost:5174/:0
[ 1912839ms] [ERROR] Failed to load resource: net::ERR_CONNECTION_REFUSED @ http://localhost:5174/:0
[ 1916202ms] [ERROR] Failed to load resource: net::ERR_CONNECTION_REFUSED @ http://localhost:5174/:0
[ 1919567ms] [ERROR] Failed to load resource: net::ERR_CONNECTION_REFUSED @ http://localhost:5174/:0
[ 1922943ms] [ERROR] Failed to load resource: net::ERR_CONNECTION_REFUSED @ http://localhost:5174/:0
[ 1926314ms] [ERROR] Failed to load resource: net::ERR_CONNECTION_REFUSED @ http://localhost:5174/:0
[ 1929662ms] [ERROR] Failed to load resource: net::ERR_CONNECTION_REFUSED @ http://localhost:5174/:0
[ 1933027ms] [ERROR] Failed to load resource: net::ERR_CONNECTION_REFUSED @ http://localhost:5174/:0
[ 1936392ms] [ERROR] Failed to load resource: net::ERR_CONNECTION_REFUSED @ http://localhost:5174/:0
[ 1939757ms] [ERROR] Failed to load resource: net::ERR_CONNECTION_REFUSED @ http://localhost:5174/:0
[ 1943089ms] [ERROR] Failed to load resource: net::ERR_CONNECTION_REFUSED @ http://localhost:5174/:0
[ 1946438ms] [ERROR] Failed to load resource: net::ERR_CONNECTION_REFUSED @ http://localhost:5174/:0
[ 1949819ms] [ERROR] Failed to load resource: net::ERR_CONNECTION_REFUSED @ http://localhost:5174/:0
[ 1953185ms] [ERROR] Failed to load resource: net::ERR_CONNECTION_REFUSED @ http://localhost:5174/:0
[ 1956566ms] [ERROR] Failed to load resource: net::ERR_CONNECTION_REFUSED @ http://localhost:5174/:0
[ 1959915ms] [ERROR] Failed to load resource: net::ERR_CONNECTION_REFUSED @ http://localhost:5174/:0
[ 1963280ms] [ERROR] Failed to load resource: net::ERR_CONNECTION_REFUSED @ http://localhost:5174/:0
[ 1966628ms] [ERROR] Failed to load resource: net::ERR_CONNECTION_REFUSED @ http://localhost:5174/:0
[ 1970014ms] [ERROR] Failed to load resource: net::ERR_CONNECTION_REFUSED @ http://localhost:5174/:0
[ 1973361ms] [ERROR] Failed to load resource: net::ERR_CONNECTION_REFUSED @ http://localhost:5174/:0
[ 1976753ms] [ERROR] Failed to load resource: net::ERR_CONNECTION_REFUSED @ http://localhost:5174/:0
[ 1980106ms] [ERROR] Failed to load resource: net::ERR_CONNECTION_REFUSED @ http://localhost:5174/:0
[ 1983454ms] [ERROR] Failed to load resource: net::ERR_CONNECTION_REFUSED @ http://localhost:5174/:0
[ 1986819ms] [ERROR] Failed to load resource: net::ERR_CONNECTION_REFUSED @ http://localhost:5174/:0
[ 1990184ms] [ERROR] Failed to load resource: net::ERR_CONNECTION_REFUSED @ http://localhost:5174/:0
[ 1993533ms] [ERROR] Failed to load resource: net::ERR_CONNECTION_REFUSED @ http://localhost:5174/:0
[ 1996883ms] [ERROR] Failed to load resource: net::ERR_CONNECTION_REFUSED @ http://localhost:5174/:0
[ 2000246ms] [ERROR] Failed to load resource: net::ERR_CONNECTION_REFUSED @ http://localhost:5174/:0
[ 2003579ms] [ERROR] Failed to load resource: net::ERR_CONNECTION_REFUSED @ http://localhost:5174/:0
[ 2006936ms] [ERROR] Failed to load resource: net::ERR_CONNECTION_REFUSED @ http://localhost:5174/:0
[ 2010292ms] [ERROR] Failed to load resource: net::ERR_CONNECTION_REFUSED @ http://localhost:5174/:0
[ 2013641ms] [ERROR] Failed to load resource: net::ERR_CONNECTION_REFUSED @ http://localhost:5174/:0
[ 2017007ms] [ERROR] Failed to load resource: net::ERR_CONNECTION_REFUSED @ http://localhost:5174/:0
[ 2020370ms] [ERROR] Failed to load resource: net::ERR_CONNECTION_REFUSED @ http://localhost:5174/:0
[ 2023702ms] [ERROR] Failed to load resource: net::ERR_CONNECTION_REFUSED @ http://localhost:5174/:0
[ 2027084ms] [ERROR] Failed to load resource: net::ERR_CONNECTION_REFUSED @ http://localhost:5174/:0
[ 2030449ms] [ERROR] Failed to load resource: net::ERR_CONNECTION_REFUSED @ http://localhost:5174/:0
[ 2033811ms] [ERROR] Failed to load resource: net::ERR_CONNECTION_REFUSED @ http://localhost:5174/:0
[ 2037147ms] [ERROR] Failed to load resource: net::ERR_CONNECTION_REFUSED @ http://localhost:5174/:0
[ 2040511ms] [ERROR] Failed to load resource: net::ERR_CONNECTION_REFUSED @ http://localhost:5174/:0
[ 2043876ms] [ERROR] Failed to load resource: net::ERR_CONNECTION_REFUSED @ http://localhost:5174/:0
[ 2047226ms] [ERROR] Failed to load resource: net::ERR_CONNECTION_REFUSED @ http://localhost:5174/:0
[ 2050574ms] [ERROR] Failed to load resource: net::ERR_CONNECTION_REFUSED @ http://localhost:5174/:0
[ 2053938ms] [ERROR] Failed to load resource: net::ERR_CONNECTION_REFUSED @ http://localhost:5174/:0
[ 2057285ms] [ERROR] Failed to load resource: net::ERR_CONNECTION_REFUSED @ http://localhost:5174/:0
[ 2060619ms] [ERROR] Failed to load resource: net::ERR_CONNECTION_REFUSED @ http://localhost:5174/:0
[ 2063975ms] [ERROR] Failed to load resource: net::ERR_CONNECTION_REFUSED @ http://localhost:5174/:0
[ 2067325ms] [ERROR] Failed to load resource: net::ERR_CONNECTION_REFUSED @ http://localhost:5174/:0
[ 2070683ms] [ERROR] Failed to load resource: net::ERR_CONNECTION_REFUSED @ http://localhost:5174/:0
[ 2074064ms] [ERROR] Failed to load resource: net::ERR_CONNECTION_REFUSED @ http://localhost:5174/:0
[ 2077430ms] [ERROR] Failed to load resource: net::ERR_CONNECTION_REFUSED @ http://localhost:5174/:0
[ 2080794ms] [ERROR] Failed to load resource: net::ERR_CONNECTION_REFUSED @ http://localhost:5174/:0
[ 2084160ms] [ERROR] Failed to load resource: net::ERR_CONNECTION_REFUSED @ http://localhost:5174/:0
[ 2087491ms] [ERROR] Failed to load resource: net::ERR_CONNECTION_REFUSED @ http://localhost:5174/:0
[ 2090858ms] [ERROR] Failed to load resource: net::ERR_CONNECTION_REFUSED @ http://localhost:5174/:0
[ 2094222ms] [ERROR] Failed to load resource: net::ERR_CONNECTION_REFUSED @ http://localhost:5174/:0
[ 2097574ms] [ERROR] Failed to load resource: net::ERR_CONNECTION_REFUSED @ http://localhost:5174/:0
[ 2100935ms] [ERROR] Failed to load resource: net::ERR_CONNECTION_REFUSED @ http://localhost:5174/:0
[ 2104301ms] [ERROR] Failed to load resource: net::ERR_CONNECTION_REFUSED @ http://localhost:5174/:0
[ 2107666ms] [ERROR] Failed to load resource: net::ERR_CONNECTION_REFUSED @ http://localhost:5174/:0
[ 2111015ms] [ERROR] Failed to load resource: net::ERR_CONNECTION_REFUSED @ http://localhost:5174/:0
[ 2114379ms] [ERROR] Failed to load resource: net::ERR_CONNECTION_REFUSED @ http://localhost:5174/:0
[ 2117745ms] [ERROR] Failed to load resource: net::ERR_CONNECTION_REFUSED @ http://localhost:5174/:0
[ 2121110ms] [ERROR] Failed to load resource: net::ERR_CONNECTION_REFUSED @ http://localhost:5174/:0
[ 2124467ms] [ERROR] Failed to load resource: net::ERR_CONNECTION_REFUSED @ http://localhost:5174/:0
[ 2127823ms] [ERROR] Failed to load resource: net::ERR_CONNECTION_REFUSED @ http://localhost:5174/:0
[ 2131171ms] [ERROR] Failed to load resource: net::ERR_CONNECTION_REFUSED @ http://localhost:5174/:0
[ 2134537ms] [ERROR] Failed to load resource: net::ERR_CONNECTION_REFUSED @ http://localhost:5174/:0
[ 2137902ms] [ERROR] Failed to load resource: net::ERR_CONNECTION_REFUSED @ http://localhost:5174/:0
[ 2141268ms] [ERROR] Failed to load resource: net::ERR_CONNECTION_REFUSED @ http://localhost:5174/:0
[ 2144632ms] [ERROR] Failed to load resource: net::ERR_CONNECTION_REFUSED @ http://localhost:5174/:0
[ 2147998ms] [ERROR] Failed to load resource: net::ERR_CONNECTION_REFUSED @ http://localhost:5174/:0
[ 2151346ms] [ERROR] Failed to load resource: net::ERR_CONNECTION_REFUSED @ http://localhost:5174/:0
[ 2154711ms] [ERROR] Failed to load resource: net::ERR_CONNECTION_REFUSED @ http://localhost:5174/:0
[ 2158077ms] [ERROR] Failed to load resource: net::ERR_CONNECTION_REFUSED @ http://localhost:5174/:0
[ 2161442ms] [ERROR] Failed to load resource: net::ERR_CONNECTION_REFUSED @ http://localhost:5174/:0
[ 2164806ms] [ERROR] Failed to load resource: net::ERR_CONNECTION_REFUSED @ http://localhost:5174/:0
[ 2168171ms] [ERROR] Failed to load resource: net::ERR_CONNECTION_REFUSED @ http://localhost:5174/:0
[ 2171536ms] [ERROR] Failed to load resource: net::ERR_CONNECTION_REFUSED @ http://localhost:5174/:0
[ 2174903ms] [ERROR] Failed to load resource: net::ERR_CONNECTION_REFUSED @ http://localhost:5174/:0
[ 2178270ms] [ERROR] Failed to load resource: net::ERR_CONNECTION_REFUSED @ http://localhost:5174/:0
[ 2181615ms] [ERROR] Failed to load resource: net::ERR_CONNECTION_REFUSED @ http://localhost:5174/:0
[ 2184980ms] [ERROR] Failed to load resource: net::ERR_CONNECTION_REFUSED @ http://localhost:5174/:0
[ 2188346ms] [ERROR] Failed to load resource: net::ERR_CONNECTION_REFUSED @ http://localhost:5174/:0
[ 2191711ms] [ERROR] Failed to load resource: net::ERR_CONNECTION_REFUSED @ http://localhost:5174/:0
[ 2195076ms] [ERROR] Failed to load resource: net::ERR_CONNECTION_REFUSED @ http://localhost:5174/:0
[ 2198441ms] [ERROR] Failed to load resource: net::ERR_CONNECTION_REFUSED @ http://localhost:5174/:0
[ 2201806ms] [ERROR] Failed to load resource: net::ERR_CONNECTION_REFUSED @ http://localhost:5174/:0
[ 2205172ms] [ERROR] Failed to load resource: net::ERR_CONNECTION_REFUSED @ http://localhost:5174/:0
[ 2208553ms] [ERROR] Failed to load resource: net::ERR_CONNECTION_REFUSED @ http://localhost:5174/:0
[ 2211919ms] [ERROR] Failed to load resource: net::ERR_CONNECTION_REFUSED @ http://localhost:5174/:0
[ 2215284ms] [ERROR] Failed to load resource: net::ERR_CONNECTION_REFUSED @ http://localhost:5174/:0
[ 2218632ms] [ERROR] Failed to load resource: net::ERR_CONNECTION_REFUSED @ http://localhost:5174/:0
[ 2221982ms] [ERROR] Failed to load resource: net::ERR_CONNECTION_REFUSED @ http://localhost:5174/:0
[ 2225345ms] [ERROR] Failed to load resource: net::ERR_CONNECTION_REFUSED @ http://localhost:5174/:0
[ 2228728ms] [ERROR] Failed to load resource: net::ERR_CONNECTION_REFUSED @ http://localhost:5174/:0
[ 2232109ms] [ERROR] Failed to load resource: net::ERR_CONNECTION_REFUSED @ http://localhost:5174/:0
[ 2235458ms] [ERROR] Failed to load resource: net::ERR_CONNECTION_REFUSED @ http://localhost:5174/:0
[ 2238822ms] [ERROR] Failed to load resource: net::ERR_CONNECTION_REFUSED @ http://localhost:5174/:0
[ 2242188ms] [ERROR] Failed to load resource: net::ERR_CONNECTION_REFUSED @ http://localhost:5174/:0
[ 2245570ms] [ERROR] Failed to load resource: net::ERR_CONNECTION_REFUSED @ http://localhost:5174/:0
[ 2248934ms] [ERROR] Failed to load resource: net::ERR_CONNECTION_REFUSED @ http://localhost:5174/:0
[ 2252301ms] [ERROR] Failed to load resource: net::ERR_CONNECTION_REFUSED @ http://localhost:5174/:0
[ 2255665ms] [ERROR] Failed to load resource: net::ERR_CONNECTION_REFUSED @ http://localhost:5174/:0
[ 2259048ms] [ERROR] Failed to load resource: net::ERR_CONNECTION_REFUSED @ http://localhost:5174/:0
[ 2262412ms] [ERROR] Failed to load resource: net::ERR_CONNECTION_REFUSED @ http://localhost:5174/:0
[ 2265761ms] [ERROR] Failed to load resource: net::ERR_CONNECTION_REFUSED @ http://localhost:5174/:0
[ 2269126ms] [ERROR] Failed to load resource: net::ERR_CONNECTION_REFUSED @ http://localhost:5174/:0
[ 2272491ms] [ERROR] Failed to load resource: net::ERR_CONNECTION_REFUSED @ http://localhost:5174/:0
[ 2275839ms] [ERROR] Failed to load resource: net::ERR_CONNECTION_REFUSED @ http://localhost:5174/:0
[ 2279204ms] [ERROR] Failed to load resource: net::ERR_CONNECTION_REFUSED @ http://localhost:5174/:0
[ 2282569ms] [ERROR] Failed to load resource: net::ERR_CONNECTION_REFUSED @ http://localhost:5174/:0
[ 2285918ms] [ERROR] Failed to load resource: net::ERR_CONNECTION_REFUSED @ http://localhost:5174/:0
[ 2289267ms] [ERROR] Failed to load resource: net::ERR_CONNECTION_REFUSED @ http://localhost:5174/:0
[ 2292615ms] [ERROR] Failed to load resource: net::ERR_CONNECTION_REFUSED @ http://localhost:5174/:0
[ 2295964ms] [ERROR] Failed to load resource: net::ERR_CONNECTION_REFUSED @ http://localhost:5174/:0
[ 2299316ms] [ERROR] Failed to load resource: net::ERR_CONNECTION_REFUSED @ http://localhost:5174/:0
[ 2302677ms] [ERROR] Failed to load resource: net::ERR_CONNECTION_REFUSED @ http://localhost:5174/:0
[ 2306043ms] [ERROR] Failed to load resource: net::ERR_CONNECTION_REFUSED @ http://localhost:5174/:0
[ 2309390ms] [ERROR] Failed to load resource: net::ERR_CONNECTION_REFUSED @ http://localhost:5174/:0
[ 2312772ms] [ERROR] Failed to load resource: net::ERR_CONNECTION_REFUSED @ http://localhost:5174/:0
[ 2316121ms] [ERROR] Failed to load resource: net::ERR_CONNECTION_REFUSED @ http://localhost:5174/:0
[ 2319503ms] [ERROR] Failed to load resource: net::ERR_CONNECTION_REFUSED @ http://localhost:5174/:0
[ 2322851ms] [ERROR] Failed to load resource: net::ERR_CONNECTION_REFUSED @ http://localhost:5174/:0
[ 2326217ms] [ERROR] Failed to load resource: net::ERR_CONNECTION_REFUSED @ http://localhost:5174/:0
[ 2329581ms] [ERROR] Failed to load resource: net::ERR_CONNECTION_REFUSED @ http://localhost:5174/:0
[ 2332963ms] [ERROR] Failed to load resource: net::ERR_CONNECTION_REFUSED @ http://localhost:5174/:0
[ 2336328ms] [ERROR] Failed to load resource: net::ERR_CONNECTION_REFUSED @ http://localhost:5174/:0
[ 2339677ms] [ERROR] Failed to load resource: net::ERR_CONNECTION_REFUSED @ http://localhost:5174/:0
[ 2343043ms] [ERROR] Failed to load resource: net::ERR_CONNECTION_REFUSED @ http://localhost:5174/:0
[ 2346408ms] [ERROR] Failed to load resource: net::ERR_CONNECTION_REFUSED @ http://localhost:5174/:0
[ 2349772ms] [ERROR] Failed to load resource: net::ERR_CONNECTION_REFUSED @ http://localhost:5174/:0
[ 2353137ms] [ERROR] Failed to load resource: net::ERR_CONNECTION_REFUSED @ http://localhost:5174/:0
[ 2356503ms] [ERROR] Failed to load resource: net::ERR_CONNECTION_REFUSED @ http://localhost:5174/:0
[ 2359884ms] [ERROR] Failed to load resource: net::ERR_CONNECTION_REFUSED @ http://localhost:5174/:0
[ 2363249ms] [ERROR] Failed to load resource: net::ERR_CONNECTION_REFUSED @ http://localhost:5174/:0
[ 2366614ms] [ERROR] Failed to load resource: net::ERR_CONNECTION_REFUSED @ http://localhost:5174/:0
[ 2369979ms] [ERROR] Failed to load resource: net::ERR_CONNECTION_REFUSED @ http://localhost:5174/:0
[ 2373328ms] [ERROR] Failed to load resource: net::ERR_CONNECTION_REFUSED @ http://localhost:5174/:0
[ 2376676ms] [ERROR] Failed to load resource: net::ERR_CONNECTION_REFUSED @ http://localhost:5174/:0
[ 2380042ms] [ERROR] Failed to load resource: net::ERR_CONNECTION_REFUSED @ http://localhost:5174/:0
[ 2383423ms] [ERROR] Failed to load resource: net::ERR_CONNECTION_REFUSED @ http://localhost:5174/:0
[ 2386801ms] [ERROR] Failed to load resource: net::ERR_CONNECTION_REFUSED @ http://localhost:5174/:0
[ 2390155ms] [ERROR] Failed to load resource: net::ERR_CONNECTION_REFUSED @ http://localhost:5174/:0
[ 2393502ms] [ERROR] Failed to load resource: net::ERR_CONNECTION_REFUSED @ http://localhost:5174/:0
[ 2396851ms] [ERROR] Failed to load resource: net::ERR_CONNECTION_REFUSED @ http://localhost:5174/:0
[ 2400199ms] [ERROR] Failed to load resource: net::ERR_CONNECTION_REFUSED @ http://localhost:5174/:0
[ 2403564ms] [ERROR] Failed to load resource: net::ERR_CONNECTION_REFUSED @ http://localhost:5174/:0
[ 2406929ms] [ERROR] Failed to load resource: net::ERR_CONNECTION_REFUSED @ http://localhost:5174/:0
[ 2410294ms] [ERROR] Failed to load resource: net::ERR_CONNECTION_REFUSED @ http://localhost:5174/:0
[ 2413676ms] [ERROR] Failed to load resource: net::ERR_CONNECTION_REFUSED @ http://localhost:5174/:0
[ 2417042ms] [ERROR] Failed to load resource: net::ERR_CONNECTION_REFUSED @ http://localhost:5174/:0
[ 2420408ms] [ERROR] Failed to load resource: net::ERR_CONNECTION_REFUSED @ http://localhost:5174/:0
[ 2423772ms] [ERROR] Failed to load resource: net::ERR_CONNECTION_REFUSED @ http://localhost:5174/:0
[ 2427138ms] [ERROR] Failed to load resource: net::ERR_CONNECTION_REFUSED @ http://localhost:5174/:0
[ 2430503ms] [ERROR] Failed to load resource: net::ERR_CONNECTION_REFUSED @ http://localhost:5174/:0
[ 2433867ms] [ERROR] Failed to load resource: net::ERR_CONNECTION_REFUSED @ http://localhost:5174/:0
[ 2437233ms] [ERROR] Failed to load resource: net::ERR_CONNECTION_REFUSED @ http://localhost:5174/:0
[ 2440613ms] [ERROR] Failed to load resource: net::ERR_CONNECTION_REFUSED @ http://localhost:5174/:0
[ 2443963ms] [ERROR] Failed to load resource: net::ERR_CONNECTION_REFUSED @ http://localhost:5174/:0
[ 2447328ms] [ERROR] Failed to load resource: net::ERR_CONNECTION_REFUSED @ http://localhost:5174/:0
[ 2450678ms] [ERROR] Failed to load resource: net::ERR_CONNECTION_REFUSED @ http://localhost:5174/:0
[ 2454057ms] [ERROR] Failed to load resource: net::ERR_CONNECTION_REFUSED @ http://localhost:5174/:0
[ 2457390ms] [ERROR] Failed to load resource: net::ERR_CONNECTION_REFUSED @ http://localhost:5174/:0
[ 2460771ms] [ERROR] Failed to load resource: net::ERR_CONNECTION_REFUSED @ http://localhost:5174/:0
[ 2464137ms] [ERROR] Failed to load resource: net::ERR_CONNECTION_REFUSED @ http://localhost:5174/:0
[ 2467501ms] [ERROR] Failed to load resource: net::ERR_CONNECTION_REFUSED @ http://localhost:5174/:0
[ 2470871ms] [ERROR] Failed to load resource: net::ERR_CONNECTION_REFUSED @ http://localhost:5174/:0
[ 2474215ms] [ERROR] Failed to load resource: net::ERR_CONNECTION_REFUSED @ http://localhost:5174/:0
[ 2477597ms] [ERROR] Failed to load resource: net::ERR_CONNECTION_REFUSED @ http://localhost:5174/:0
[ 2480962ms] [ERROR] Failed to load resource: net::ERR_CONNECTION_REFUSED @ http://localhost:5174/:0
[ 2484327ms] [ERROR] Failed to load resource: net::ERR_CONNECTION_REFUSED @ http://localhost:5174/:0
[ 2487692ms] [ERROR] Failed to load resource: net::ERR_CONNECTION_REFUSED @ http://localhost:5174/:0
[ 2491058ms] [ERROR] Failed to load resource: net::ERR_CONNECTION_REFUSED @ http://localhost:5174/:0
[ 2494408ms] [ERROR] Failed to load resource: net::ERR_CONNECTION_REFUSED @ http://localhost:5174/:0
[ 2497773ms] [ERROR] Failed to load resource: net::ERR_CONNECTION_REFUSED @ http://localhost:5174/:0
[ 2501136ms] [ERROR] Failed to load resource: net::ERR_CONNECTION_REFUSED @ http://localhost:5174/:0
[ 2504501ms] [ERROR] Failed to load resource: net::ERR_CONNECTION_REFUSED @ http://localhost:5174/:0
[ 2507850ms] [ERROR] Failed to load resource: net::ERR_CONNECTION_REFUSED @ http://localhost:5174/:0
[ 2511215ms] [ERROR] Failed to load resource: net::ERR_CONNECTION_REFUSED @ http://localhost:5174/:0
[ 2514580ms] [ERROR] Failed to load resource: net::ERR_CONNECTION_REFUSED @ http://localhost:5174/:0
[ 2517928ms] [ERROR] Failed to load resource: net::ERR_CONNECTION_REFUSED @ http://localhost:5174/:0
[ 2521312ms] [ERROR] Failed to load resource: net::ERR_CONNECTION_REFUSED @ http://localhost:5174/:0
[ 2524675ms] [ERROR] Failed to load resource: net::ERR_CONNECTION_REFUSED @ http://localhost:5174/:0
[ 2528042ms] [ERROR] Failed to load resource: net::ERR_CONNECTION_REFUSED @ http://localhost:5174/:0
[ 2531390ms] [ERROR] Failed to load resource: net::ERR_CONNECTION_REFUSED @ http://localhost:5174/:0
[ 2534754ms] [ERROR] Failed to load resource: net::ERR_CONNECTION_REFUSED @ http://localhost:5174/:0
[ 2538119ms] [ERROR] Failed to load resource: net::ERR_CONNECTION_REFUSED @ http://localhost:5174/:0
[ 2541484ms] [ERROR] Failed to load resource: net::ERR_CONNECTION_REFUSED @ http://localhost:5174/:0
[ 2544849ms] [ERROR] Failed to load resource: net::ERR_CONNECTION_REFUSED @ http://localhost:5174/:0
[ 2548214ms] [ERROR] Failed to load resource: net::ERR_CONNECTION_REFUSED @ http://localhost:5174/:0
[ 2551580ms] [ERROR] Failed to load resource: net::ERR_CONNECTION_REFUSED @ http://localhost:5174/:0
[ 2554946ms] [ERROR] Failed to load resource: net::ERR_CONNECTION_REFUSED @ http://localhost:5174/:0
[ 2558310ms] [ERROR] Failed to load resource: net::ERR_CONNECTION_REFUSED @ http://localhost:5174/:0
[ 2561679ms] [ERROR] Failed to load resource: net::ERR_CONNECTION_REFUSED @ http://localhost:5174/:0
[ 2565024ms] [ERROR] Failed to load resource: net::ERR_CONNECTION_REFUSED @ http://localhost:5174/:0
[ 2568389ms] [ERROR] Failed to load resource: net::ERR_CONNECTION_REFUSED @ http://localhost:5174/:0
[ 2571754ms] [ERROR] Failed to load resource: net::ERR_CONNECTION_REFUSED @ http://localhost:5174/:0
[ 2575103ms] [ERROR] Failed to load resource: net::ERR_CONNECTION_REFUSED @ http://localhost:5174/:0
[ 2578484ms] [ERROR] Failed to load resource: net::ERR_CONNECTION_REFUSED @ http://localhost:5174/:0
[ 2581851ms] [ERROR] Failed to load resource: net::ERR_CONNECTION_REFUSED @ http://localhost:5174/:0
[ 2585215ms] [ERROR] Failed to load resource: net::ERR_CONNECTION_REFUSED @ http://localhost:5174/:0
[ 2588564ms] [ERROR] Failed to load resource: net::ERR_CONNECTION_REFUSED @ http://localhost:5174/:0
[ 2591912ms] [ERROR] Failed to load resource: net::ERR_CONNECTION_REFUSED @ http://localhost:5174/:0
[ 2595278ms] [ERROR] Failed to load resource: net::ERR_CONNECTION_REFUSED @ http://localhost:5174/:0
[ 2598642ms] [ERROR] Failed to load resource: net::ERR_CONNECTION_REFUSED @ http://localhost:5174/:0
[ 2602008ms] [ERROR] Failed to load resource: net::ERR_CONNECTION_REFUSED @ http://localhost:5174/:0
[ 2605388ms] [ERROR] Failed to load resource: net::ERR_CONNECTION_REFUSED @ http://localhost:5174/:0
[ 2608771ms] [ERROR] Failed to load resource: net::ERR_CONNECTION_REFUSED @ http://localhost:5174/:0
[ 2612153ms] [ERROR] Failed to load resource: net::ERR_CONNECTION_REFUSED @ http://localhost:5174/:0
[ 2615517ms] [ERROR] Failed to load resource: net::ERR_CONNECTION_REFUSED @ http://localhost:5174/:0
[ 2618882ms] [ERROR] Failed to load resource: net::ERR_CONNECTION_REFUSED @ http://localhost:5174/:0
[ 2622247ms] [ERROR] Failed to load resource: net::ERR_CONNECTION_REFUSED @ http://localhost:5174/:0
[ 2625613ms] [ERROR] Failed to load resource: net::ERR_CONNECTION_REFUSED @ http://localhost:5174/:0
[ 2628978ms] [ERROR] Failed to load resource: net::ERR_CONNECTION_REFUSED @ http://localhost:5174/:0
[ 2632327ms] [ERROR] Failed to load resource: net::ERR_CONNECTION_REFUSED @ http://localhost:5174/:0
[ 2635674ms] [ERROR] Failed to load resource: net::ERR_CONNECTION_REFUSED @ http://localhost:5174/:0
[ 2639057ms] [ERROR] Failed to load resource: net::ERR_CONNECTION_REFUSED @ http://localhost:5174/:0
[ 2642422ms] [ERROR] Failed to load resource: net::ERR_CONNECTION_REFUSED @ http://localhost:5174/:0
[ 2645787ms] [ERROR] Failed to load resource: net::ERR_CONNECTION_REFUSED @ http://localhost:5174/:0
[ 2649152ms] [ERROR] Failed to load resource: net::ERR_CONNECTION_REFUSED @ http://localhost:5174/:0
[ 2652518ms] [ERROR] Failed to load resource: net::ERR_CONNECTION_REFUSED @ http://localhost:5174/:0
[ 2655883ms] [ERROR] Failed to load resource: net::ERR_CONNECTION_REFUSED @ http://localhost:5174/:0
[ 2659247ms] [ERROR] Failed to load resource: net::ERR_CONNECTION_REFUSED @ http://localhost:5174/:0
[ 2662612ms] [ERROR] Failed to load resource: net::ERR_CONNECTION_REFUSED @ http://localhost:5174/:0
[ 2665978ms] [ERROR] Failed to load resource: net::ERR_CONNECTION_REFUSED @ http://localhost:5174/:0
[ 2669326ms] [ERROR] Failed to load resource: net::ERR_CONNECTION_REFUSED @ http://localhost:5174/:0
[ 2672674ms] [ERROR] Failed to load resource: net::ERR_CONNECTION_REFUSED @ http://localhost:5174/:0
[ 2676040ms] [ERROR] Failed to load resource: net::ERR_CONNECTION_REFUSED @ http://localhost:5174/:0
[ 2679405ms] [ERROR] Failed to load resource: net::ERR_CONNECTION_REFUSED @ http://localhost:5174/:0
[ 2682786ms] [ERROR] Failed to load resource: net::ERR_CONNECTION_REFUSED @ http://localhost:5174/:0
[ 2686152ms] [ERROR] Failed to load resource: net::ERR_CONNECTION_REFUSED @ http://localhost:5174/:0
[ 2689517ms] [ERROR] Failed to load resource: net::ERR_CONNECTION_REFUSED @ http://localhost:5174/:0
[ 2692884ms] [ERROR] Failed to load resource: net::ERR_CONNECTION_REFUSED @ http://localhost:5174/:0
[ 2696231ms] [ERROR] Failed to load resource: net::ERR_CONNECTION_REFUSED @ http://localhost:5174/:0
[ 2699579ms] [ERROR] Failed to load resource: net::ERR_CONNECTION_REFUSED @ http://localhost:5174/:0
[ 2702928ms] [ERROR] Failed to load resource: net::ERR_CONNECTION_REFUSED @ http://localhost:5174/:0
[ 2706293ms] [ERROR] Failed to load resource: net::ERR_CONNECTION_REFUSED @ http://localhost:5174/:0
[ 2709658ms] [ERROR] Failed to load resource: net::ERR_CONNECTION_REFUSED @ http://localhost:5174/:0
[ 2713040ms] [ERROR] Failed to load resource: net::ERR_CONNECTION_REFUSED @ http://localhost:5174/:0
[ 2716405ms] [ERROR] Failed to load resource: net::ERR_CONNECTION_REFUSED @ http://localhost:5174/:0
[ 2719769ms] [ERROR] Failed to load resource: net::ERR_CONNECTION_REFUSED @ http://localhost:5174/:0
[ 2723101ms] [ERROR] Failed to load resource: net::ERR_CONNECTION_REFUSED @ http://localhost:5174/:0
[ 2726483ms] [ERROR] Failed to load resource: net::ERR_CONNECTION_REFUSED @ http://localhost:5174/:0
[ 2729849ms] [ERROR] Failed to load resource: net::ERR_CONNECTION_REFUSED @ http://localhost:5174/:0
[ 2733214ms] [ERROR] Failed to load resource: net::ERR_CONNECTION_REFUSED @ http://localhost:5174/:0
[ 2736595ms] [ERROR] Failed to load resource: net::ERR_CONNECTION_REFUSED @ http://localhost:5174/:0
[ 2739961ms] [ERROR] Failed to load resource: net::ERR_CONNECTION_REFUSED @ http://localhost:5174/:0
[ 2743326ms] [ERROR] Failed to load resource: net::ERR_CONNECTION_REFUSED @ http://localhost:5174/:0
[ 2746691ms] [ERROR] Failed to load resource: net::ERR_CONNECTION_REFUSED @ http://localhost:5174/:0
[ 2750041ms] [ERROR] Failed to load resource: net::ERR_CONNECTION_REFUSED @ http://localhost:5174/:0
[ 2753388ms] [ERROR] Failed to load resource: net::ERR_CONNECTION_REFUSED @ http://localhost:5174/:0
[ 2756753ms] [ERROR] Failed to load resource: net::ERR_CONNECTION_REFUSED @ http://localhost:5174/:0
[ 2760118ms] [ERROR] Failed to load resource: net::ERR_CONNECTION_REFUSED @ http://localhost:5174/:0
[ 2763483ms] [ERROR] Failed to load resource: net::ERR_CONNECTION_REFUSED @ http://localhost:5174/:0
[ 2766848ms] [ERROR] Failed to load resource: net::ERR_CONNECTION_REFUSED @ http://localhost:5174/:0
[ 2770198ms] [ERROR] Failed to load resource: net::ERR_CONNECTION_REFUSED @ http://localhost:5174/:0
[ 2773563ms] [ERROR] Failed to load resource: net::ERR_CONNECTION_REFUSED @ http://localhost:5174/:0
[ 2776928ms] [ERROR] Failed to load resource: net::ERR_CONNECTION_REFUSED @ http://localhost:5174/:0
[ 2780292ms] [ERROR] Failed to load resource: net::ERR_CONNECTION_REFUSED @ http://localhost:5174/:0
[ 2783658ms] [ERROR] Failed to load resource: net::ERR_CONNECTION_REFUSED @ http://localhost:5174/:0
[ 2787039ms] [ERROR] Failed to load resource: net::ERR_CONNECTION_REFUSED @ http://localhost:5174/:0
[ 2790404ms] [ERROR] Failed to load resource: net::ERR_CONNECTION_REFUSED @ http://localhost:5174/:0
[ 2793769ms] [ERROR] Failed to load resource: net::ERR_CONNECTION_REFUSED @ http://localhost:5174/:0
[ 2797134ms] [ERROR] Failed to load resource: net::ERR_CONNECTION_REFUSED @ http://localhost:5174/:0
[ 2800483ms] [ERROR] Failed to load resource: net::ERR_CONNECTION_REFUSED @ http://localhost:5174/:0
[ 2803848ms] [ERROR] Failed to load resource: net::ERR_CONNECTION_REFUSED @ http://localhost:5174/:0
[ 2807213ms] [ERROR] Failed to load resource: net::ERR_CONNECTION_REFUSED @ http://localhost:5174/:0
[ 2810596ms] [ERROR] Failed to load resource: net::ERR_CONNECTION_REFUSED @ http://localhost:5174/:0
[ 2813960ms] [ERROR] Failed to load resource: net::ERR_CONNECTION_REFUSED @ http://localhost:5174/:0
[ 2817342ms] [ERROR] Failed to load resource: net::ERR_CONNECTION_REFUSED @ http://localhost:5174/:0
[ 2820707ms] [ERROR] Failed to load resource: net::ERR_CONNECTION_REFUSED @ http://localhost:5174/:0
[ 2824072ms] [ERROR] Failed to load resource: net::ERR_CONNECTION_REFUSED @ http://localhost:5174/:0
[ 2827438ms] [ERROR] Failed to load resource: net::ERR_CONNECTION_REFUSED @ http://localhost:5174/:0
[ 2830771ms] [ERROR] Failed to load resource: net::ERR_CONNECTION_REFUSED @ http://localhost:5174/:0
[ 2834118ms] [ERROR] Failed to load resource: net::ERR_CONNECTION_REFUSED @ http://localhost:5174/:0
[ 2837484ms] [ERROR] Failed to load resource: net::ERR_CONNECTION_REFUSED @ http://localhost:5174/:0
[ 2840849ms] [ERROR] Failed to load resource: net::ERR_CONNECTION_REFUSED @ http://localhost:5174/:0
[ 2844180ms] [ERROR] Failed to load resource: net::ERR_CONNECTION_REFUSED @ http://localhost:5174/:0
[ 2847561ms] [ERROR] Failed to load resource: net::ERR_CONNECTION_REFUSED @ http://localhost:5174/:0
[ 2850944ms] [ERROR] Failed to load resource: net::ERR_CONNECTION_REFUSED @ http://localhost:5174/:0
[ 2854291ms] [ERROR] Failed to load resource: net::ERR_CONNECTION_REFUSED @ http://localhost:5174/:0
[ 2857657ms] [ERROR] Failed to load resource: net::ERR_CONNECTION_REFUSED @ http://localhost:5174/:0
[ 2861022ms] [ERROR] Failed to load resource: net::ERR_CONNECTION_REFUSED @ http://localhost:5174/:0
[ 2864370ms] [ERROR] Failed to load resource: net::ERR_CONNECTION_REFUSED @ http://localhost:5174/:0
[ 2867719ms] [ERROR] Failed to load resource: net::ERR_CONNECTION_REFUSED @ http://localhost:5174/:0
[ 2871087ms] [ERROR] Failed to load resource: net::ERR_CONNECTION_REFUSED @ http://localhost:5174/:0
[ 2874466ms] [ERROR] Failed to load resource: net::ERR_CONNECTION_REFUSED @ http://localhost:5174/:0
[ 2877847ms] [ERROR] Failed to load resource: net::ERR_CONNECTION_REFUSED @ http://localhost:5174/:0
[ 2881197ms] [ERROR] Failed to load resource: net::ERR_CONNECTION_REFUSED @ http://localhost:5174/:0
[ 2884562ms] [ERROR] Failed to load resource: net::ERR_CONNECTION_REFUSED @ http://localhost:5174/:0
[ 2887927ms] [ERROR] Failed to load resource: net::ERR_CONNECTION_REFUSED @ http://localhost:5174/:0
[ 2891278ms] [ERROR] Failed to load resource: net::ERR_CONNECTION_REFUSED @ http://localhost:5174/:0
[ 2894624ms] [ERROR] Failed to load resource: net::ERR_CONNECTION_REFUSED @ http://localhost:5174/:0
[ 2897972ms] [ERROR] Failed to load resource: net::ERR_CONNECTION_REFUSED @ http://localhost:5174/:0
[ 2901320ms] [ERROR] Failed to load resource: net::ERR_CONNECTION_REFUSED @ http://localhost:5174/:0
[ 2904702ms] [ERROR] Failed to load resource: net::ERR_CONNECTION_REFUSED @ http://localhost:5174/:0
[ 2908083ms] [ERROR] Failed to load resource: net::ERR_CONNECTION_REFUSED @ http://localhost:5174/:0
[ 2911449ms] [ERROR] Failed to load resource: net::ERR_CONNECTION_REFUSED @ http://localhost:5174/:0
[ 2914830ms] [ERROR] Failed to load resource: net::ERR_CONNECTION_REFUSED @ http://localhost:5174/:0
[ 2918195ms] [ERROR] Failed to load resource: net::ERR_CONNECTION_REFUSED @ http://localhost:5174/:0
[ 2921561ms] [ERROR] Failed to load resource: net::ERR_CONNECTION_REFUSED @ http://localhost:5174/:0
[ 2924910ms] [ERROR] Failed to load resource: net::ERR_CONNECTION_REFUSED @ http://localhost:5174/:0
[ 2928275ms] [ERROR] Failed to load resource: net::ERR_CONNECTION_REFUSED @ http://localhost:5174/:0
[ 2931623ms] [ERROR] Failed to load resource: net::ERR_CONNECTION_REFUSED @ http://localhost:5174/:0
[ 2934988ms] [ERROR] Failed to load resource: net::ERR_CONNECTION_REFUSED @ http://localhost:5174/:0
[ 2938354ms] [ERROR] Failed to load resource: net::ERR_CONNECTION_REFUSED @ http://localhost:5174/:0
[ 2941720ms] [ERROR] Failed to load resource: net::ERR_CONNECTION_REFUSED @ http://localhost:5174/:0
[ 2945084ms] [ERROR] Failed to load resource: net::ERR_CONNECTION_REFUSED @ http://localhost:5174/:0
[ 2948434ms] [ERROR] Failed to load resource: net::ERR_CONNECTION_REFUSED @ http://localhost:5174/:0
[ 2951797ms] [ERROR] Failed to load resource: net::ERR_CONNECTION_REFUSED @ http://localhost:5174/:0
[ 2955162ms] [ERROR] Failed to load resource: net::ERR_CONNECTION_REFUSED @ http://localhost:5174/:0
[ 2958527ms] [ERROR] Failed to load resource: net::ERR_CONNECTION_REFUSED @ http://localhost:5174/:0
[ 2961892ms] [ERROR] Failed to load resource: net::ERR_CONNECTION_REFUSED @ http://localhost:5174/:0
[ 2965258ms] [ERROR] Failed to load resource: net::ERR_CONNECTION_REFUSED @ http://localhost:5174/:0
[ 2968624ms] [ERROR] Failed to load resource: net::ERR_CONNECTION_REFUSED @ http://localhost:5174/:0
[ 2971982ms] [ERROR] Failed to load resource: net::ERR_CONNECTION_REFUSED @ http://localhost:5174/:0
[ 2975318ms] [ERROR] Failed to load resource: net::ERR_CONNECTION_REFUSED @ http://localhost:5174/:0
[ 2978667ms] [ERROR] Failed to load resource: net::ERR_CONNECTION_REFUSED @ http://localhost:5174/:0
[ 2982012ms] [ERROR] Failed to load resource: net::ERR_CONNECTION_REFUSED @ http://localhost:5174/:0
[ 2985347ms] [ERROR] Failed to load resource: net::ERR_CONNECTION_REFUSED @ http://localhost:5174/:0
[ 2988709ms] [ERROR] Failed to load resource: net::ERR_CONNECTION_REFUSED @ http://localhost:5174/:0
[ 2992044ms] [ERROR] Failed to load resource: net::ERR_CONNECTION_REFUSED @ http://localhost:5174/:0
[ 2995409ms] [ERROR] Failed to load resource: net::ERR_CONNECTION_REFUSED @ http://localhost:5174/:0
[ 2998757ms] [ERROR] Failed to load resource: net::ERR_CONNECTION_REFUSED @ http://localhost:5174/:0
[ 3002113ms] [ERROR] Failed to load resource: net::ERR_CONNECTION_REFUSED @ http://localhost:5174/:0
[ 3005454ms] [ERROR] Failed to load resource: net::ERR_CONNECTION_REFUSED @ http://localhost:5174/:0
[ 3008832ms] [ERROR] Failed to load resource: net::ERR_CONNECTION_REFUSED @ http://localhost:5174/:0
[ 3012184ms] [ERROR] Failed to load resource: net::ERR_CONNECTION_REFUSED @ http://localhost:5174/:0
[ 3015550ms] [ERROR] Failed to load resource: net::ERR_CONNECTION_REFUSED @ http://localhost:5174/:0
[ 3018915ms] [ERROR] Failed to load resource: net::ERR_CONNECTION_REFUSED @ http://localhost:5174/:0
[ 3022270ms] [ERROR] Failed to load resource: net::ERR_CONNECTION_REFUSED @ http://localhost:5174/:0
[ 3025608ms] [ERROR] Failed to load resource: net::ERR_CONNECTION_REFUSED @ http://localhost:5174/:0
[ 3028958ms] [ERROR] Failed to load resource: net::ERR_CONNECTION_REFUSED @ http://localhost:5174/:0
[ 3032309ms] [ERROR] Failed to load resource: net::ERR_CONNECTION_REFUSED @ http://localhost:5174/:0
[ 3035674ms] [ERROR] Failed to load resource: net::ERR_CONNECTION_REFUSED @ http://localhost:5174/:0
[ 3039006ms] [ERROR] Failed to load resource: net::ERR_CONNECTION_REFUSED @ http://localhost:5174/:0
[ 3042354ms] [ERROR] Failed to load resource: net::ERR_CONNECTION_REFUSED @ http://localhost:5174/:0
[ 3045721ms] [ERROR] Failed to load resource: net::ERR_CONNECTION_REFUSED @ http://localhost:5174/:0
[ 3049084ms] [ERROR] Failed to load resource: net::ERR_CONNECTION_REFUSED @ http://localhost:5174/:0
[ 3052417ms] [ERROR] Failed to load resource: net::ERR_CONNECTION_REFUSED @ http://localhost:5174/:0
[ 3055781ms] [ERROR] Failed to load resource: net::ERR_CONNECTION_REFUSED @ http://localhost:5174/:0
[ 3059139ms] [ERROR] Failed to load resource: net::ERR_CONNECTION_REFUSED @ http://localhost:5174/:0
[ 3062495ms] [ERROR] Failed to load resource: net::ERR_CONNECTION_REFUSED @ http://localhost:5174/:0
[ 3065844ms] [ERROR] Failed to load resource: net::ERR_CONNECTION_REFUSED @ http://localhost:5174/:0
[ 3069209ms] [ERROR] Failed to load resource: net::ERR_CONNECTION_REFUSED @ http://localhost:5174/:0
[ 3072558ms] [ERROR] Failed to load resource: net::ERR_CONNECTION_REFUSED @ http://localhost:5174/:0
[ 3075922ms] [ERROR] Failed to load resource: net::ERR_CONNECTION_REFUSED @ http://localhost:5174/:0
[ 3079271ms] [ERROR] Failed to load resource: net::ERR_CONNECTION_REFUSED @ http://localhost:5174/:0
[ 3082610ms] [ERROR] Failed to load resource: net::ERR_CONNECTION_REFUSED @ http://localhost:5174/:0
[ 3085951ms] [ERROR] Failed to load resource: net::ERR_CONNECTION_REFUSED @ http://localhost:5174/:0
[ 3089300ms] [ERROR] Failed to load resource: net::ERR_CONNECTION_REFUSED @ http://localhost:5174/:0
[ 3092648ms] [ERROR] Failed to load resource: net::ERR_CONNECTION_REFUSED @ http://localhost:5174/:0
[ 3096011ms] [ERROR] Failed to load resource: net::ERR_CONNECTION_REFUSED @ http://localhost:5174/:0
[ 3099345ms] [ERROR] Failed to load resource: net::ERR_CONNECTION_REFUSED @ http://localhost:5174/:0
[ 3102694ms] [ERROR] Failed to load resource: net::ERR_CONNECTION_REFUSED @ http://localhost:5174/:0
[ 3106059ms] [ERROR] Failed to load resource: net::ERR_CONNECTION_REFUSED @ http://localhost:5174/:0
[ 3109408ms] [ERROR] Failed to load resource: net::ERR_CONNECTION_REFUSED @ http://localhost:5174/:0
[ 3112771ms] [ERROR] Failed to load resource: net::ERR_CONNECTION_REFUSED @ http://localhost:5174/:0
[ 3116138ms] [ERROR] Failed to load resource: net::ERR_CONNECTION_REFUSED @ http://localhost:5174/:0
[ 3119501ms] [ERROR] Failed to load resource: net::ERR_CONNECTION_REFUSED @ http://localhost:5174/:0
[ 3122834ms] [ERROR] Failed to load resource: net::ERR_CONNECTION_REFUSED @ http://localhost:5174/:0
[ 3126199ms] [ERROR] Failed to load resource: net::ERR_CONNECTION_REFUSED @ http://localhost:5174/:0
[ 3129564ms] [ERROR] Failed to load resource: net::ERR_CONNECTION_REFUSED @ http://localhost:5174/:0
[ 3132933ms] [ERROR] Failed to load resource: net::ERR_CONNECTION_REFUSED @ http://localhost:5174/:0
[ 3136278ms] [ERROR] Failed to load resource: net::ERR_CONNECTION_REFUSED @ http://localhost:5174/:0
[ 3139642ms] [ERROR] Failed to load resource: net::ERR_CONNECTION_REFUSED @ http://localhost:5174/:0
[ 3143009ms] [ERROR] Failed to load resource: net::ERR_CONNECTION_REFUSED @ http://localhost:5174/:0
[ 3146373ms] [ERROR] Failed to load resource: net::ERR_CONNECTION_REFUSED @ http://localhost:5174/:0
[ 3149755ms] [ERROR] Failed to load resource: net::ERR_CONNECTION_REFUSED @ http://localhost:5174/:0
[ 3153108ms] [ERROR] Failed to load resource: net::ERR_CONNECTION_REFUSED @ http://localhost:5174/:0
[ 3156452ms] [ERROR] Failed to load resource: net::ERR_CONNECTION_REFUSED @ http://localhost:5174/:0
[ 3159801ms] [ERROR] Failed to load resource: net::ERR_CONNECTION_REFUSED @ http://localhost:5174/:0
[ 3163150ms] [ERROR] Failed to load resource: net::ERR_CONNECTION_REFUSED @ http://localhost:5174/:0
[ 3166514ms] [ERROR] Failed to load resource: net::ERR_CONNECTION_REFUSED @ http://localhost:5174/:0
[ 3169879ms] [ERROR] Failed to load resource: net::ERR_CONNECTION_REFUSED @ http://localhost:5174/:0
[ 3173228ms] [ERROR] Failed to load resource: net::ERR_CONNECTION_REFUSED @ http://localhost:5174/:0
[ 3176597ms] [ERROR] Failed to load resource: net::ERR_CONNECTION_REFUSED @ http://localhost:5174/:0
[ 3179958ms] [ERROR] Failed to load resource: net::ERR_CONNECTION_REFUSED @ http://localhost:5174/:0
[ 3183323ms] [ERROR] Failed to load resource: net::ERR_CONNECTION_REFUSED @ http://localhost:5174/:0
[ 3186688ms] [ERROR] Failed to load resource: net::ERR_CONNECTION_REFUSED @ http://localhost:5174/:0
[ 3190039ms] [ERROR] Failed to load resource: net::ERR_CONNECTION_REFUSED @ http://localhost:5174/:0
[ 3193402ms] [ERROR] Failed to load resource: net::ERR_CONNECTION_REFUSED @ http://localhost:5174/:0
[ 3196769ms] [ERROR] Failed to load resource: net::ERR_CONNECTION_REFUSED @ http://localhost:5174/:0
[ 3200117ms] [ERROR] Failed to load resource: net::ERR_CONNECTION_REFUSED @ http://localhost:5174/:0
[ 3203463ms] [ERROR] Failed to load resource: net::ERR_CONNECTION_REFUSED @ http://localhost:5174/:0
[ 3206829ms] [ERROR] Failed to load resource: net::ERR_CONNECTION_REFUSED @ http://localhost:5174/:0
[ 3210195ms] [ERROR] Failed to load resource: net::ERR_CONNECTION_REFUSED @ http://localhost:5174/:0
[ 3213559ms] [ERROR] Failed to load resource: net::ERR_CONNECTION_REFUSED @ http://localhost:5174/:0
[ 3216925ms] [ERROR] Failed to load resource: net::ERR_CONNECTION_REFUSED @ http://localhost:5174/:0
[ 3220306ms] [ERROR] Failed to load resource: net::ERR_CONNECTION_REFUSED @ http://localhost:5174/:0
[ 3223648ms] [ERROR] Failed to load resource: net::ERR_CONNECTION_REFUSED @ http://localhost:5174/:0
[ 3227003ms] [ERROR] Failed to load resource: net::ERR_CONNECTION_REFUSED @ http://localhost:5174/:0
[ 3230350ms] [ERROR] Failed to load resource: net::ERR_CONNECTION_REFUSED @ http://localhost:5174/:0
[ 3233700ms] [ERROR] Failed to load resource: net::ERR_CONNECTION_REFUSED @ http://localhost:5174/:0
[ 3237049ms] [ERROR] Failed to load resource: net::ERR_CONNECTION_REFUSED @ http://localhost:5174/:0
[ 3240413ms] [ERROR] Failed to load resource: net::ERR_CONNECTION_REFUSED @ http://localhost:5174/:0
[ 3243778ms] [ERROR] Failed to load resource: net::ERR_CONNECTION_REFUSED @ http://localhost:5174/:0
[ 3247133ms] [ERROR] Failed to load resource: net::ERR_CONNECTION_REFUSED @ http://localhost:5174/:0
[ 3250490ms] [ERROR] Failed to load resource: net::ERR_CONNECTION_REFUSED @ http://localhost:5174/:0
[ 3253825ms] [ERROR] Failed to load resource: net::ERR_CONNECTION_REFUSED @ http://localhost:5174/:0
[ 3257173ms] [ERROR] Failed to load resource: net::ERR_CONNECTION_REFUSED @ http://localhost:5174/:0
[ 3260538ms] [ERROR] Failed to load resource: net::ERR_CONNECTION_REFUSED @ http://localhost:5174/:0
[ 3263902ms] [ERROR] Failed to load resource: net::ERR_CONNECTION_REFUSED @ http://localhost:5174/:0
[ 3267268ms] [ERROR] Failed to load resource: net::ERR_CONNECTION_REFUSED @ http://localhost:5174/:0
[ 3270616ms] [ERROR] Failed to load resource: net::ERR_CONNECTION_REFUSED @ http://localhost:5174/:0
[ 3273981ms] [ERROR] Failed to load resource: net::ERR_CONNECTION_REFUSED @ http://localhost:5174/:0
[ 3277346ms] [ERROR] Failed to load resource: net::ERR_CONNECTION_REFUSED @ http://localhost:5174/:0
[ 3280712ms] [ERROR] Failed to load resource: net::ERR_CONNECTION_REFUSED @ http://localhost:5174/:0
[ 3284077ms] [ERROR] Failed to load resource: net::ERR_CONNECTION_REFUSED @ http://localhost:5174/:0
[ 3287427ms] [ERROR] Failed to load resource: net::ERR_CONNECTION_REFUSED @ http://localhost:5174/:0
[ 3290774ms] [ERROR] Failed to load resource: net::ERR_CONNECTION_REFUSED @ http://localhost:5174/:0
[ 3294117ms] [ERROR] Failed to load resource: net::ERR_CONNECTION_REFUSED @ http://localhost:5174/:0
[ 3297455ms] [ERROR] Failed to load resource: net::ERR_CONNECTION_REFUSED @ http://localhost:5174/:0
[ 3300819ms] [ERROR] Failed to load resource: net::ERR_CONNECTION_REFUSED @ http://localhost:5174/:0
[ 3304168ms] [ERROR] Failed to load resource: net::ERR_CONNECTION_REFUSED @ http://localhost:5174/:0
[ 3307517ms] [ERROR] Failed to load resource: net::ERR_CONNECTION_REFUSED @ http://localhost:5174/:0
[ 3310865ms] [ERROR] Failed to load resource: net::ERR_CONNECTION_REFUSED @ http://localhost:5174/:0
[ 3314213ms] [ERROR] Failed to load resource: net::ERR_CONNECTION_REFUSED @ http://localhost:5174/:0
[ 3317562ms] [ERROR] Failed to load resource: net::ERR_CONNECTION_REFUSED @ http://localhost:5174/:0
[ 3320910ms] [ERROR] Failed to load resource: net::ERR_CONNECTION_REFUSED @ http://localhost:5174/:0
[ 3324279ms] [ERROR] Failed to load resource: net::ERR_CONNECTION_REFUSED @ http://localhost:5174/:0
[ 3327640ms] [ERROR] Failed to load resource: net::ERR_CONNECTION_REFUSED @ http://localhost:5174/:0
[ 3331006ms] [ERROR] Failed to load resource: net::ERR_CONNECTION_REFUSED @ http://localhost:5174/:0
[ 3334369ms] [ERROR] Failed to load resource: net::ERR_CONNECTION_REFUSED @ http://localhost:5174/:0
[ 3337703ms] [ERROR] Failed to load resource: net::ERR_CONNECTION_REFUSED @ http://localhost:5174/:0
[ 3341051ms] [ERROR] Failed to load resource: net::ERR_CONNECTION_REFUSED @ http://localhost:5174/:0
[ 3344400ms] [ERROR] Failed to load resource: net::ERR_CONNECTION_REFUSED @ http://localhost:5174/:0
[ 3347748ms] [ERROR] Failed to load resource: net::ERR_CONNECTION_REFUSED @ http://localhost:5174/:0
[ 3351102ms] [ERROR] Failed to load resource: net::ERR_CONNECTION_REFUSED @ http://localhost:5174/:0
[ 3354460ms] [ERROR] Failed to load resource: net::ERR_CONNECTION_REFUSED @ http://localhost:5174/:0
[ 3357795ms] [ERROR] Failed to load resource: net::ERR_CONNECTION_REFUSED @ http://localhost:5174/:0
[ 3361146ms] [ERROR] Failed to load resource: net::ERR_CONNECTION_REFUSED @ http://localhost:5174/:0
[ 3364490ms] [ERROR] Failed to load resource: net::ERR_CONNECTION_REFUSED @ http://localhost:5174/:0
[ 3367855ms] [ERROR] Failed to load resource: net::ERR_CONNECTION_REFUSED @ http://localhost:5174/:0
[ 3371205ms] [ERROR] Failed to load resource: net::ERR_CONNECTION_REFUSED @ http://localhost:5174/:0
[ 3374569ms] [ERROR] Failed to load resource: net::ERR_CONNECTION_REFUSED @ http://localhost:5174/:0
[ 3377935ms] [ERROR] Failed to load resource: net::ERR_CONNECTION_REFUSED @ http://localhost:5174/:0
[ 3381298ms] [ERROR] Failed to load resource: net::ERR_CONNECTION_REFUSED @ http://localhost:5174/:0
[ 3384638ms] [ERROR] Failed to load resource: net::ERR_CONNECTION_REFUSED @ http://localhost:5174/:0
[ 3387997ms] [ERROR] Failed to load resource: net::ERR_CONNECTION_REFUSED @ http://localhost:5174/:0
[ 3391362ms] [ERROR] Failed to load resource: net::ERR_CONNECTION_REFUSED @ http://localhost:5174/:0
[ 3394710ms] [ERROR] Failed to load resource: net::ERR_CONNECTION_REFUSED @ http://localhost:5174/:0
[ 3398092ms] [ERROR] Failed to load resource: net::ERR_CONNECTION_REFUSED @ http://localhost:5174/:0
[ 3401456ms] [ERROR] Failed to load resource: net::ERR_CONNECTION_REFUSED @ http://localhost:5174/:0
[ 3404822ms] [ERROR] Failed to load resource: net::ERR_CONNECTION_REFUSED @ http://localhost:5174/:0
[ 3408171ms] [ERROR] Failed to load resource: net::ERR_CONNECTION_REFUSED @ http://localhost:5174/:0
[ 3411519ms] [ERROR] Failed to load resource: net::ERR_CONNECTION_REFUSED @ http://localhost:5174/:0
[ 3414884ms] [ERROR] Failed to load resource: net::ERR_CONNECTION_REFUSED @ http://localhost:5174/:0
[ 3418249ms] [ERROR] Failed to load resource: net::ERR_CONNECTION_REFUSED @ http://localhost:5174/:0
[ 3421604ms] [ERROR] Failed to load resource: net::ERR_CONNECTION_REFUSED @ http://localhost:5174/:0
[ 3424979ms] [ERROR] Failed to load resource: net::ERR_CONNECTION_REFUSED @ http://localhost:5174/:0
[ 3428331ms] [ERROR] Failed to load resource: net::ERR_CONNECTION_REFUSED @ http://localhost:5174/:0
[ 3431676ms] [ERROR] Failed to load resource: net::ERR_CONNECTION_REFUSED @ http://localhost:5174/:0
[ 3435042ms] [ERROR] Failed to load resource: net::ERR_CONNECTION_REFUSED @ http://localhost:5174/:0
[ 3438406ms] [ERROR] Failed to load resource: net::ERR_CONNECTION_REFUSED @ http://localhost:5174/:0
[ 3441771ms] [ERROR] Failed to load resource: net::ERR_CONNECTION_REFUSED @ http://localhost:5174/:0
[ 3445107ms] [ERROR] Failed to load resource: net::ERR_CONNECTION_REFUSED @ http://localhost:5174/:0
[ 3448452ms] [ERROR] Failed to load resource: net::ERR_CONNECTION_REFUSED @ http://localhost:5174/:0
[ 3451817ms] [ERROR] Failed to load resource: net::ERR_CONNECTION_REFUSED @ http://localhost:5174/:0
[ 3455166ms] [ERROR] Failed to load resource: net::ERR_CONNECTION_REFUSED @ http://localhost:5174/:0
[ 3458531ms] [ERROR] Failed to load resource: net::ERR_CONNECTION_REFUSED @ http://localhost:5174/:0
[ 3461879ms] [ERROR] Failed to load resource: net::ERR_CONNECTION_REFUSED @ http://localhost:5174/:0
[ 3465228ms] [ERROR] Failed to load resource: net::ERR_CONNECTION_REFUSED @ http://localhost:5174/:0
[ 3468591ms] [ERROR] Failed to load resource: net::ERR_CONNECTION_REFUSED @ http://localhost:5174/:0
[ 3471941ms] [ERROR] Failed to load resource: net::ERR_CONNECTION_REFUSED @ http://localhost:5174/:0
[ 3475323ms] [ERROR] Failed to load resource: net::ERR_CONNECTION_REFUSED @ http://localhost:5174/:0
[ 3478673ms] [ERROR] Failed to load resource: net::ERR_CONNECTION_REFUSED @ http://localhost:5174/:0
[ 3482005ms] [ERROR] Failed to load resource: net::ERR_CONNECTION_REFUSED @ http://localhost:5174/:0
[ 3485352ms] [ERROR] Failed to load resource: net::ERR_CONNECTION_REFUSED @ http://localhost:5174/:0
[ 3488717ms] [ERROR] Failed to load resource: net::ERR_CONNECTION_REFUSED @ http://localhost:5174/:0
[ 3492081ms] [ERROR] Failed to load resource: net::ERR_CONNECTION_REFUSED @ http://localhost:5174/:0
[ 3495415ms] [ERROR] Failed to load resource: net::ERR_CONNECTION_REFUSED @ http://localhost:5174/:0
[ 3498762ms] [ERROR] Failed to load resource: net::ERR_CONNECTION_REFUSED @ http://localhost:5174/:0
[ 3502115ms] [ERROR] Failed to load resource: net::ERR_CONNECTION_REFUSED @ http://localhost:5174/:0
[ 3505476ms] [ERROR] Failed to load resource: net::ERR_CONNECTION_REFUSED @ http://localhost:5174/:0
[ 3508825ms] [ERROR] Failed to load resource: net::ERR_CONNECTION_REFUSED @ http://localhost:5174/:0
[ 3512190ms] [ERROR] Failed to load resource: net::ERR_CONNECTION_REFUSED @ http://localhost:5174/:0
[ 3515538ms] [ERROR] Failed to load resource: net::ERR_CONNECTION_REFUSED @ http://localhost:5174/:0
[ 3518903ms] [ERROR] Failed to load resource: net::ERR_CONNECTION_REFUSED @ http://localhost:5174/:0
[ 3522268ms] [ERROR] Failed to load resource: net::ERR_CONNECTION_REFUSED @ http://localhost:5174/:0
[ 3525601ms] [ERROR] Failed to load resource: net::ERR_CONNECTION_REFUSED @ http://localhost:5174/:0
[ 3528966ms] [ERROR] Failed to load resource: net::ERR_CONNECTION_REFUSED @ http://localhost:5174/:0
[ 3532330ms] [ERROR] Failed to load resource: net::ERR_CONNECTION_REFUSED @ http://localhost:5174/:0
[ 3535691ms] [ERROR] Failed to load resource: net::ERR_CONNECTION_REFUSED @ http://localhost:5174/:0
[ 3539027ms] [ERROR] Failed to load resource: net::ERR_CONNECTION_REFUSED @ http://localhost:5174/:0
[ 3542361ms] [ERROR] Failed to load resource: net::ERR_CONNECTION_REFUSED @ http://localhost:5174/:0
[ 3545725ms] [ERROR] Failed to load resource: net::ERR_CONNECTION_REFUSED @ http://localhost:5174/:0
[ 3549094ms] [ERROR] Failed to load resource: net::ERR_CONNECTION_REFUSED @ http://localhost:5174/:0
[ 3552421ms] [ERROR] Failed to load resource: net::ERR_CONNECTION_REFUSED @ http://localhost:5174/:0
[ 3555786ms] [ERROR] Failed to load resource: net::ERR_CONNECTION_REFUSED @ http://localhost:5174/:0
[ 3559135ms] [ERROR] Failed to load resource: net::ERR_CONNECTION_REFUSED @ http://localhost:5174/:0
[ 3562500ms] [ERROR] Failed to load resource: net::ERR_CONNECTION_REFUSED @ http://localhost:5174/:0
[ 3565865ms] [ERROR] Failed to load resource: net::ERR_CONNECTION_REFUSED @ http://localhost:5174/:0
[ 3569246ms] [ERROR] Failed to load resource: net::ERR_CONNECTION_REFUSED @ http://localhost:5174/:0
[ 3572599ms] [ERROR] Failed to load resource: net::ERR_CONNECTION_REFUSED @ http://localhost:5174/:0
[ 3575944ms] [ERROR] Failed to load resource: net::ERR_CONNECTION_REFUSED @ http://localhost:5174/:0
[ 3579309ms] [ERROR] Failed to load resource: net::ERR_CONNECTION_REFUSED @ http://localhost:5174/:0
[ 3582657ms] [ERROR] Failed to load resource: net::ERR_CONNECTION_REFUSED @ http://localhost:5174/:0
[ 3586022ms] [ERROR] Failed to load resource: net::ERR_CONNECTION_REFUSED @ http://localhost:5174/:0
[ 3589371ms] [ERROR] Failed to load resource: net::ERR_CONNECTION_REFUSED @ http://localhost:5174/:0
[ 3592720ms] [ERROR] Failed to load resource: net::ERR_CONNECTION_REFUSED @ http://localhost:5174/:0
[ 3596082ms] [ERROR] Failed to load resource: net::ERR_CONNECTION_REFUSED @ http://localhost:5174/:0
[ 3599432ms] [ERROR] Failed to load resource: net::ERR_CONNECTION_REFUSED @ http://localhost:5174/:0
[ 3602782ms] [ERROR] Failed to load resource: net::ERR_CONNECTION_REFUSED @ http://localhost:5174/:0
[ 3606110ms] [ERROR] Failed to load resource: net::ERR_CONNECTION_REFUSED @ http://localhost:5174/:0
[ 3609463ms] [ERROR] Failed to load resource: net::ERR_CONNECTION_REFUSED @ http://localhost:5174/:0
[ 3612825ms] [ERROR] Failed to load resource: net::ERR_CONNECTION_REFUSED @ http://localhost:5174/:0
[ 3616160ms] [ERROR] Failed to load resource: net::ERR_CONNECTION_REFUSED @ http://localhost:5174/:0
[ 3619491ms] [ERROR] Failed to load resource: net::ERR_CONNECTION_REFUSED @ http://localhost:5174/:0
[ 3622857ms] [ERROR] Failed to load resource: net::ERR_CONNECTION_REFUSED @ http://localhost:5174/:0
[ 3626221ms] [ERROR] Failed to load resource: net::ERR_CONNECTION_REFUSED @ http://localhost:5174/:0
[ 3629586ms] [ERROR] Failed to load resource: net::ERR_CONNECTION_REFUSED @ http://localhost:5174/:0
[ 3632918ms] [ERROR] Failed to load resource: net::ERR_CONNECTION_REFUSED @ http://localhost:5174/:0
[ 3636283ms] [ERROR] Failed to load resource: net::ERR_CONNECTION_REFUSED @ http://localhost:5174/:0
[ 3639635ms] [ERROR] Failed to load resource: net::ERR_CONNECTION_REFUSED @ http://localhost:5174/:0
[ 3642996ms] [ERROR] Failed to load resource: net::ERR_CONNECTION_REFUSED @ http://localhost:5174/:0
[ 3646346ms] [ERROR] Failed to load resource: net::ERR_CONNECTION_REFUSED @ http://localhost:5174/:0
[ 3649675ms] [ERROR] Failed to load resource: net::ERR_CONNECTION_REFUSED @ http://localhost:5174/:0
[ 3653015ms] [ERROR] Failed to load resource: net::ERR_CONNECTION_REFUSED @ http://localhost:5174/:0
[ 3656340ms] [ERROR] Failed to load resource: net::ERR_CONNECTION_REFUSED @ http://localhost:5174/:0
[ 3659705ms] [ERROR] Failed to load resource: net::ERR_CONNECTION_REFUSED @ http://localhost:5174/:0
[ 3663027ms] [ERROR] Failed to load resource: net::ERR_CONNECTION_REFUSED @ http://localhost:5174/:0
[ 3666369ms] [ERROR] Failed to load resource: net::ERR_CONNECTION_REFUSED @ http://localhost:5174/:0
[ 3669717ms] [ERROR] Failed to load resource: net::ERR_CONNECTION_REFUSED @ http://localhost:5174/:0
[ 3673110ms] [ERROR] Failed to load resource: net::ERR_CONNECTION_REFUSED @ http://localhost:5174/:0
[ 3676455ms] [ERROR] Failed to load resource: net::ERR_CONNECTION_REFUSED @ http://localhost:5174/:0
[ 3679831ms] [ERROR] Failed to load resource: net::ERR_CONNECTION_REFUSED @ http://localhost:5174/:0
[ 3683212ms] [ERROR] Failed to load resource: net::ERR_CONNECTION_REFUSED @ http://localhost:5174/:0
[ 3686578ms] [ERROR] Failed to load resource: net::ERR_CONNECTION_REFUSED @ http://localhost:5174/:0
[ 3689927ms] [ERROR] Failed to load resource: net::ERR_CONNECTION_REFUSED @ http://localhost:5174/:0
[ 3693275ms] [ERROR] Failed to load resource: net::ERR_CONNECTION_REFUSED @ http://localhost:5174/:0
[ 3696644ms] [ERROR] Failed to load resource: net::ERR_CONNECTION_REFUSED @ http://localhost:5174/:0
[ 3700008ms] [ERROR] Failed to load resource: net::ERR_CONNECTION_REFUSED @ http://localhost:5174/:0
[ 3703366ms] [ERROR] Failed to load resource: net::ERR_CONNECTION_REFUSED @ http://localhost:5174/:0
[ 3706719ms] [ERROR] Failed to load resource: net::ERR_CONNECTION_REFUSED @ http://localhost:5174/:0
[ 3710077ms] [ERROR] Failed to load resource: net::ERR_CONNECTION_REFUSED @ http://localhost:5174/:0
[ 3713434ms] [ERROR] Failed to load resource: net::ERR_CONNECTION_REFUSED @ http://localhost:5174/:0
[ 3716783ms] [ERROR] Failed to load resource: net::ERR_CONNECTION_REFUSED @ http://localhost:5174/:0
[ 3720163ms] [ERROR] Failed to load resource: net::ERR_CONNECTION_REFUSED @ http://localhost:5174/:0
[ 3723511ms] [ERROR] Failed to load resource: net::ERR_CONNECTION_REFUSED @ http://localhost:5174/:0
[ 3726859ms] [ERROR] Failed to load resource: net::ERR_CONNECTION_REFUSED @ http://localhost:5174/:0
[ 3730209ms] [ERROR] Failed to load resource: net::ERR_CONNECTION_REFUSED @ http://localhost:5174/:0
[ 3733556ms] [ERROR] Failed to load resource: net::ERR_CONNECTION_REFUSED @ http://localhost:5174/:0
[ 3736922ms] [ERROR] Failed to load resource: net::ERR_CONNECTION_REFUSED @ http://localhost:5174/:0
[ 3740291ms] [ERROR] Failed to load resource: net::ERR_CONNECTION_REFUSED @ http://localhost:5174/:0
[ 3743665ms] [ERROR] Failed to load resource: net::ERR_CONNECTION_REFUSED @ http://localhost:5174/:0
[ 3747017ms] [ERROR] Failed to load resource: net::ERR_CONNECTION_REFUSED @ http://localhost:5174/:0
[ 3750366ms] [ERROR] Failed to load resource: net::ERR_CONNECTION_REFUSED @ http://localhost:5174/:0
[ 3753694ms] [ERROR] Failed to load resource: net::ERR_CONNECTION_REFUSED @ http://localhost:5174/:0
[ 3757028ms] [ERROR] Failed to load resource: net::ERR_CONNECTION_REFUSED @ http://localhost:5174/:0
[ 3760412ms] [ERROR] Failed to load resource: net::ERR_CONNECTION_REFUSED @ http://localhost:5174/:0
[ 3763739ms] [ERROR] Failed to load resource: net::ERR_CONNECTION_REFUSED @ http://localhost:5174/:0
[ 3767093ms] [ERROR] Failed to load resource: net::ERR_CONNECTION_REFUSED @ http://localhost:5174/:0
[ 3770426ms] [ERROR] Failed to load resource: net::ERR_CONNECTION_REFUSED @ http://localhost:5174/:0
[ 3773797ms] [ERROR] Failed to load resource: net::ERR_CONNECTION_REFUSED @ http://localhost:5174/:0
[ 3777146ms] [ERROR] Failed to load resource: net::ERR_CONNECTION_REFUSED @ http://localhost:5174/:0
[ 3780486ms] [ERROR] Failed to load resource: net::ERR_CONNECTION_REFUSED @ http://localhost:5174/:0
[ 3783829ms] [ERROR] Failed to load resource: net::ERR_CONNECTION_REFUSED @ http://localhost:5174/:0
[ 3787185ms] [ERROR] Failed to load resource: net::ERR_CONNECTION_REFUSED @ http://localhost:5174/:0
[ 3790581ms] [ERROR] Failed to load resource: net::ERR_CONNECTION_REFUSED @ http://localhost:5174/:0
[ 3793930ms] [ERROR] Failed to load resource: net::ERR_CONNECTION_REFUSED @ http://localhost:5174/:0
[ 3797277ms] [ERROR] Failed to load resource: net::ERR_CONNECTION_REFUSED @ http://localhost:5174/:0
[ 3800610ms] [ERROR] Failed to load resource: net::ERR_CONNECTION_REFUSED @ http://localhost:5174/:0
[ 3803975ms] [ERROR] Failed to load resource: net::ERR_CONNECTION_REFUSED @ http://localhost:5174/:0
[ 3807357ms] [ERROR] Failed to load resource: net::ERR_CONNECTION_REFUSED @ http://localhost:5174/:0
[ 3810707ms] [ERROR] Failed to load resource: net::ERR_CONNECTION_REFUSED @ http://localhost:5174/:0
[ 3814057ms] [ERROR] Failed to load resource: net::ERR_CONNECTION_REFUSED @ http://localhost:5174/:0
[ 3817420ms] [ERROR] Failed to load resource: net::ERR_CONNECTION_REFUSED @ http://localhost:5174/:0
[ 3820782ms] [ERROR] Failed to load resource: net::ERR_CONNECTION_REFUSED @ http://localhost:5174/:0
[ 3824138ms] [ERROR] Failed to load resource: net::ERR_CONNECTION_REFUSED @ http://localhost:5174/:0
[ 3827501ms] [ERROR] Failed to load resource: net::ERR_CONNECTION_REFUSED @ http://localhost:5174/:0
[ 3830897ms] [ERROR] Failed to load resource: net::ERR_CONNECTION_REFUSED @ http://localhost:5174/:0
[ 3834244ms] [ERROR] Failed to load resource: net::ERR_CONNECTION_REFUSED @ http://localhost:5174/:0
[ 3837592ms] [ERROR] Failed to load resource: net::ERR_CONNECTION_REFUSED @ http://localhost:5174/:0
[ 3840957ms] [ERROR] Failed to load resource: net::ERR_CONNECTION_REFUSED @ http://localhost:5174/:0
[ 3844323ms] [ERROR] Failed to load resource: net::ERR_CONNECTION_REFUSED @ http://localhost:5174/:0
[ 3847688ms] [ERROR] Failed to load resource: net::ERR_CONNECTION_REFUSED @ http://localhost:5174/:0
[ 3851048ms] [ERROR] Failed to load resource: net::ERR_CONNECTION_REFUSED @ http://localhost:5174/:0
[ 3854401ms] [ERROR] Failed to load resource: net::ERR_CONNECTION_REFUSED @ http://localhost:5174/:0
[ 3857767ms] [ERROR] Failed to load resource: net::ERR_CONNECTION_REFUSED @ http://localhost:5174/:0
[ 3861133ms] [ERROR] Failed to load resource: net::ERR_CONNECTION_REFUSED @ http://localhost:5174/:0
[ 3864497ms] [ERROR] Failed to load resource: net::ERR_CONNECTION_REFUSED @ http://localhost:5174/:0
[ 3867862ms] [ERROR] Failed to load resource: net::ERR_CONNECTION_REFUSED @ http://localhost:5174/:0
[ 3871227ms] [ERROR] Failed to load resource: net::ERR_CONNECTION_REFUSED @ http://localhost:5174/:0
[ 3874593ms] [ERROR] Failed to load resource: net::ERR_CONNECTION_REFUSED @ http://localhost:5174/:0
[ 3877958ms] [ERROR] Failed to load resource: net::ERR_CONNECTION_REFUSED @ http://localhost:5174/:0
[ 3881322ms] [ERROR] Failed to load resource: net::ERR_CONNECTION_REFUSED @ http://localhost:5174/:0
[ 3884688ms] [ERROR] Failed to load resource: net::ERR_CONNECTION_REFUSED @ http://localhost:5174/:0
[ 3888054ms] [ERROR] Failed to load resource: net::ERR_CONNECTION_REFUSED @ http://localhost:5174/:0
[ 3891418ms] [ERROR] Failed to load resource: net::ERR_CONNECTION_REFUSED @ http://localhost:5174/:0
[ 3894783ms] [ERROR] Failed to load resource: net::ERR_CONNECTION_REFUSED @ http://localhost:5174/:0
[ 3898148ms] [ERROR] Failed to load resource: net::ERR_CONNECTION_REFUSED @ http://localhost:5174/:0
[ 3901531ms] [ERROR] Failed to load resource: net::ERR_CONNECTION_REFUSED @ http://localhost:5174/:0
[ 3904895ms] [ERROR] Failed to load resource: net::ERR_CONNECTION_REFUSED @ http://localhost:5174/:0
[ 3908260ms] [ERROR] Failed to load resource: net::ERR_CONNECTION_REFUSED @ http://localhost:5174/:0
[ 3911625ms] [ERROR] Failed to load resource: net::ERR_CONNECTION_REFUSED @ http://localhost:5174/:0
[ 3914974ms] [ERROR] Failed to load resource: net::ERR_CONNECTION_REFUSED @ http://localhost:5174/:0
[ 3918339ms] [ERROR] Failed to load resource: net::ERR_CONNECTION_REFUSED @ http://localhost:5174/:0
[ 3921704ms] [ERROR] Failed to load resource: net::ERR_CONNECTION_REFUSED @ http://localhost:5174/:0
[ 3925057ms] [ERROR] Failed to load resource: net::ERR_CONNECTION_REFUSED @ http://localhost:5174/:0
[ 3928405ms] [ERROR] Failed to load resource: net::ERR_CONNECTION_REFUSED @ http://localhost:5174/:0
[ 3931767ms] [ERROR] Failed to load resource: net::ERR_CONNECTION_REFUSED @ http://localhost:5174/:0
[ 3935116ms] [ERROR] Failed to load resource: net::ERR_CONNECTION_REFUSED @ http://localhost:5174/:0
[ 3938464ms] [ERROR] Failed to load resource: net::ERR_CONNECTION_REFUSED @ http://localhost:5174/:0
[ 3941830ms] [ERROR] Failed to load resource: net::ERR_CONNECTION_REFUSED @ http://localhost:5174/:0
[ 3945194ms] [ERROR] Failed to load resource: net::ERR_CONNECTION_REFUSED @ http://localhost:5174/:0
[ 3948560ms] [ERROR] Failed to load resource: net::ERR_CONNECTION_REFUSED @ http://localhost:5174/:0
[ 3951924ms] [ERROR] Failed to load resource: net::ERR_CONNECTION_REFUSED @ http://localhost:5174/:0
[ 3955289ms] [ERROR] Failed to load resource: net::ERR_CONNECTION_REFUSED @ http://localhost:5174/:0
[ 3958654ms] [ERROR] Failed to load resource: net::ERR_CONNECTION_REFUSED @ http://localhost:5174/:0
[ 3962036ms] [ERROR] Failed to load resource: net::ERR_CONNECTION_REFUSED @ http://localhost:5174/:0
[ 3965384ms] [ERROR] Failed to load resource: net::ERR_CONNECTION_REFUSED @ http://localhost:5174/:0
[ 3968735ms] [ERROR] Failed to load resource: net::ERR_CONNECTION_REFUSED @ http://localhost:5174/:0
[ 3972098ms] [ERROR] Failed to load resource: net::ERR_CONNECTION_REFUSED @ http://localhost:5174/:0
[ 3975464ms] [ERROR] Failed to load resource: net::ERR_CONNECTION_REFUSED @ http://localhost:5174/:0
[ 3978828ms] [ERROR] Failed to load resource: net::ERR_CONNECTION_REFUSED @ http://localhost:5174/:0
[ 3982210ms] [ERROR] Failed to load resource: net::ERR_CONNECTION_REFUSED @ http://localhost:5174/:0
[ 3985576ms] [ERROR] Failed to load resource: net::ERR_CONNECTION_REFUSED @ http://localhost:5174/:0
[ 3988957ms] [ERROR] Failed to load resource: net::ERR_CONNECTION_REFUSED @ http://localhost:5174/:0
[ 3992322ms] [ERROR] Failed to load resource: net::ERR_CONNECTION_REFUSED @ http://localhost:5174/:0
[ 3995688ms] [ERROR] Failed to load resource: net::ERR_CONNECTION_REFUSED @ http://localhost:5174/:0
[ 3999053ms] [ERROR] Failed to load resource: net::ERR_CONNECTION_REFUSED @ http://localhost:5174/:0
[ 4002417ms] [ERROR] Failed to load resource: net::ERR_CONNECTION_REFUSED @ http://localhost:5174/:0
[ 4005767ms] [ERROR] Failed to load resource: net::ERR_CONNECTION_REFUSED @ http://localhost:5174/:0
[ 4009131ms] [ERROR] Failed to load resource: net::ERR_CONNECTION_REFUSED @ http://localhost:5174/:0
[ 4012497ms] [ERROR] Failed to load resource: net::ERR_CONNECTION_REFUSED @ http://localhost:5174/:0
[ 4015863ms] [ERROR] Failed to load resource: net::ERR_CONNECTION_REFUSED @ http://localhost:5174/:0
[ 4019243ms] [ERROR] Failed to load resource: net::ERR_CONNECTION_REFUSED @ http://localhost:5174/:0
[ 4022608ms] [ERROR] Failed to load resource: net::ERR_CONNECTION_REFUSED @ http://localhost:5174/:0
[ 4025976ms] [ERROR] Failed to load resource: net::ERR_CONNECTION_REFUSED @ http://localhost:5174/:0
[ 4029340ms] [ERROR] Failed to load resource: net::ERR_CONNECTION_REFUSED @ http://localhost:5174/:0
[ 4032721ms] [ERROR] Failed to load resource: net::ERR_CONNECTION_REFUSED @ http://localhost:5174/:0
[ 4036086ms] [ERROR] Failed to load resource: net::ERR_CONNECTION_REFUSED @ http://localhost:5174/:0
[ 4039450ms] [ERROR] Failed to load resource: net::ERR_CONNECTION_REFUSED @ http://localhost:5174/:0
[ 4042816ms] [ERROR] Failed to load resource: net::ERR_CONNECTION_REFUSED @ http://localhost:5174/:0
[ 4046170ms] [ERROR] Failed to load resource: net::ERR_CONNECTION_REFUSED @ http://localhost:5174/:0
[ 4049529ms] [ERROR] Failed to load resource: net::ERR_CONNECTION_REFUSED @ http://localhost:5174/:0
[ 4052894ms] [ERROR] Failed to load resource: net::ERR_CONNECTION_REFUSED @ http://localhost:5174/:0
[ 4056277ms] [ERROR] Failed to load resource: net::ERR_CONNECTION_REFUSED @ http://localhost:5174/:0
[ 4059642ms] [ERROR] Failed to load resource: net::ERR_CONNECTION_REFUSED @ http://localhost:5174/:0
[ 4063024ms] [ERROR] Failed to load resource: net::ERR_CONNECTION_REFUSED @ http://localhost:5174/:0
[ 4066373ms] [ERROR] Failed to load resource: net::ERR_CONNECTION_REFUSED @ http://localhost:5174/:0
[ 4069737ms] [ERROR] Failed to load resource: net::ERR_CONNECTION_REFUSED @ http://localhost:5174/:0
[ 4073102ms] [ERROR] Failed to load resource: net::ERR_CONNECTION_REFUSED @ http://localhost:5174/:0
[ 4076468ms] [ERROR] Failed to load resource: net::ERR_CONNECTION_REFUSED @ http://localhost:5174/:0
[ 4079832ms] [ERROR] Failed to load resource: net::ERR_CONNECTION_REFUSED @ http://localhost:5174/:0
[ 4083198ms] [ERROR] Failed to load resource: net::ERR_CONNECTION_REFUSED @ http://localhost:5174/:0
[ 4086562ms] [ERROR] Failed to load resource: net::ERR_CONNECTION_REFUSED @ http://localhost:5174/:0
[ 4089913ms] [ERROR] Failed to load resource: net::ERR_CONNECTION_REFUSED @ http://localhost:5174/:0
[ 4093276ms] [ERROR] Failed to load resource: net::ERR_CONNECTION_REFUSED @ http://localhost:5174/:0
[ 4096624ms] [ERROR] Failed to load resource: net::ERR_CONNECTION_REFUSED @ http://localhost:5174/:0
[ 4099990ms] [ERROR] Failed to load resource: net::ERR_CONNECTION_REFUSED @ http://localhost:5174/:0
[ 4103371ms] [ERROR] Failed to load resource: net::ERR_CONNECTION_REFUSED @ http://localhost:5174/:0
[ 4106737ms] [ERROR] Failed to load resource: net::ERR_CONNECTION_REFUSED @ http://localhost:5174/:0
[ 4110101ms] [ERROR] Failed to load resource: net::ERR_CONNECTION_REFUSED @ http://localhost:5174/:0
[ 4113467ms] [ERROR] Failed to load resource: net::ERR_CONNECTION_REFUSED @ http://localhost:5174/:0
[ 4116832ms] [ERROR] Failed to load resource: net::ERR_CONNECTION_REFUSED @ http://localhost:5174/:0
[ 4120197ms] [ERROR] Failed to load resource: net::ERR_CONNECTION_REFUSED @ http://localhost:5174/:0
[ 4123564ms] [ERROR] Failed to load resource: net::ERR_CONNECTION_REFUSED @ http://localhost:5174/:0
[ 4126927ms] [ERROR] Failed to load resource: net::ERR_CONNECTION_REFUSED @ http://localhost:5174/:0
[ 4130309ms] [ERROR] Failed to load resource: net::ERR_CONNECTION_REFUSED @ http://localhost:5174/:0
[ 4133661ms] [ERROR] Failed to load resource: net::ERR_CONNECTION_REFUSED @ http://localhost:5174/:0
[ 4137023ms] [ERROR] Failed to load resource: net::ERR_CONNECTION_REFUSED @ http://localhost:5174/:0
[ 4140388ms] [ERROR] Failed to load resource: net::ERR_CONNECTION_REFUSED @ http://localhost:5174/:0
[ 4143752ms] [ERROR] Failed to load resource: net::ERR_CONNECTION_REFUSED @ http://localhost:5174/:0
[ 4147134ms] [ERROR] Failed to load resource: net::ERR_CONNECTION_REFUSED @ http://localhost:5174/:0
[ 4150500ms] [ERROR] Failed to load resource: net::ERR_CONNECTION_REFUSED @ http://localhost:5174/:0
[ 4153864ms] [ERROR] Failed to load resource: net::ERR_CONNECTION_REFUSED @ http://localhost:5174/:0
[ 4157230ms] [ERROR] Failed to load resource: net::ERR_CONNECTION_REFUSED @ http://localhost:5174/:0
[ 4160595ms] [ERROR] Failed to load resource: net::ERR_CONNECTION_REFUSED @ http://localhost:5174/:0
[ 4163961ms] [ERROR] Failed to load resource: net::ERR_CONNECTION_REFUSED @ http://localhost:5174/:0
[ 4167309ms] [ERROR] Failed to load resource: net::ERR_CONNECTION_REFUSED @ http://localhost:5174/:0
[ 4170658ms] [ERROR] Failed to load resource: net::ERR_CONNECTION_REFUSED @ http://localhost:5174/:0
[ 4174006ms] [ERROR] Failed to load resource: net::ERR_CONNECTION_REFUSED @ http://localhost:5174/:0
[ 4177372ms] [ERROR] Failed to load resource: net::ERR_CONNECTION_REFUSED @ http://localhost:5174/:0
[ 4180737ms] [ERROR] Failed to load resource: net::ERR_CONNECTION_REFUSED @ http://localhost:5174/:0
[ 4184101ms] [ERROR] Failed to load resource: net::ERR_CONNECTION_REFUSED @ http://localhost:5174/:0
[ 4187451ms] [ERROR] Failed to load resource: net::ERR_CONNECTION_REFUSED @ http://localhost:5174/:0
[ 4190799ms] [ERROR] Failed to load resource: net::ERR_CONNECTION_REFUSED @ http://localhost:5174/:0
[ 4194163ms] [ERROR] Failed to load resource: net::ERR_CONNECTION_REFUSED @ http://localhost:5174/:0
[ 4197530ms] [ERROR] Failed to load resource: net::ERR_CONNECTION_REFUSED @ http://localhost:5174/:0
[ 4200895ms] [ERROR] Failed to load resource: net::ERR_CONNECTION_REFUSED @ http://localhost:5174/:0
[ 4204242ms] [ERROR] Failed to load resource: net::ERR_CONNECTION_REFUSED @ http://localhost:5174/:0
[ 4207609ms] [ERROR] Failed to load resource: net::ERR_CONNECTION_REFUSED @ http://localhost:5174/:0
[ 4210972ms] [ERROR] Failed to load resource: net::ERR_CONNECTION_REFUSED @ http://localhost:5174/:0
[ 4214337ms] [ERROR] Failed to load resource: net::ERR_CONNECTION_REFUSED @ http://localhost:5174/:0
[ 4217703ms] [ERROR] Failed to load resource: net::ERR_CONNECTION_REFUSED @ http://localhost:5174/:0
[ 4221069ms] [ERROR] Failed to load resource: net::ERR_CONNECTION_REFUSED @ http://localhost:5174/:0
[ 4224433ms] [ERROR] Failed to load resource: net::ERR_CONNECTION_REFUSED @ http://localhost:5174/:0
[ 4227798ms] [ERROR] Failed to load resource: net::ERR_CONNECTION_REFUSED @ http://localhost:5174/:0
[ 4231147ms] [ERROR] Failed to load resource: net::ERR_CONNECTION_REFUSED @ http://localhost:5174/:0
[ 4234497ms] [ERROR] Failed to load resource: net::ERR_CONNECTION_REFUSED @ http://localhost:5174/:0
[ 4237860ms] [ERROR] Failed to load resource: net::ERR_CONNECTION_REFUSED @ http://localhost:5174/:0
[ 4241226ms] [ERROR] Failed to load resource: net::ERR_CONNECTION_REFUSED @ http://localhost:5174/:0
[ 4244591ms] [ERROR] Failed to load resource: net::ERR_CONNECTION_REFUSED @ http://localhost:5174/:0
[ 4247955ms] [ERROR] Failed to load resource: net::ERR_CONNECTION_REFUSED @ http://localhost:5174/:0
[ 4251338ms] [ERROR] Failed to load resource: net::ERR_CONNECTION_REFUSED @ http://localhost:5174/:0
[ 4254688ms] [ERROR] Failed to load resource: net::ERR_CONNECTION_REFUSED @ http://localhost:5174/:0
[ 4258038ms] [ERROR] Failed to load resource: net::ERR_CONNECTION_REFUSED @ http://localhost:5174/:0
[ 4261399ms] [ERROR] Failed to load resource: net::ERR_CONNECTION_REFUSED @ http://localhost:5174/:0
[ 4264748ms] [ERROR] Failed to load resource: net::ERR_CONNECTION_REFUSED @ http://localhost:5174/:0
[ 4268113ms] [ERROR] Failed to load resource: net::ERR_CONNECTION_REFUSED @ http://localhost:5174/:0
[ 4271479ms] [ERROR] Failed to load resource: net::ERR_CONNECTION_REFUSED @ http://localhost:5174/:0
[ 4274844ms] [ERROR] Failed to load resource: net::ERR_CONNECTION_REFUSED @ http://localhost:5174/:0
[ 4278192ms] [ERROR] Failed to load resource: net::ERR_CONNECTION_REFUSED @ http://localhost:5174/:0
[ 4281558ms] [ERROR] Failed to load resource: net::ERR_CONNECTION_REFUSED @ http://localhost:5174/:0
[ 4284939ms] [ERROR] Failed to load resource: net::ERR_CONNECTION_REFUSED @ http://localhost:5174/:0
[ 4288287ms] [ERROR] Failed to load resource: net::ERR_CONNECTION_REFUSED @ http://localhost:5174/:0
[ 4291652ms] [ERROR] Failed to load resource: net::ERR_CONNECTION_REFUSED @ http://localhost:5174/:0
[ 4295019ms] [ERROR] Failed to load resource: net::ERR_CONNECTION_REFUSED @ http://localhost:5174/:0
[ 4298366ms] [ERROR] Failed to load resource: net::ERR_CONNECTION_REFUSED @ http://localhost:5174/:0
[ 4301732ms] [ERROR] Failed to load resource: net::ERR_CONNECTION_REFUSED @ http://localhost:5174/:0
[ 4305096ms] [ERROR] Failed to load resource: net::ERR_CONNECTION_REFUSED @ http://localhost:5174/:0
[ 4308461ms] [ERROR] Failed to load resource: net::ERR_CONNECTION_REFUSED @ http://localhost:5174/:0
[ 4311811ms] [ERROR] Failed to load resource: net::ERR_CONNECTION_REFUSED @ http://localhost:5174/:0
[ 4315175ms] [ERROR] Failed to load resource: net::ERR_CONNECTION_REFUSED @ http://localhost:5174/:0
[ 4318540ms] [ERROR] Failed to load resource: net::ERR_CONNECTION_REFUSED @ http://localhost:5174/:0
[ 4321905ms] [ERROR] Failed to load resource: net::ERR_CONNECTION_REFUSED @ http://localhost:5174/:0
[ 4325286ms] [ERROR] Failed to load resource: net::ERR_CONNECTION_REFUSED @ http://localhost:5174/:0
[ 4328652ms] [ERROR] Failed to load resource: net::ERR_CONNECTION_REFUSED @ http://localhost:5174/:0
[ 4332017ms] [ERROR] Failed to load resource: net::ERR_CONNECTION_REFUSED @ http://localhost:5174/:0
[ 4335382ms] [ERROR] Failed to load resource: net::ERR_CONNECTION_REFUSED @ http://localhost:5174/:0
[ 4338748ms] [ERROR] Failed to load resource: net::ERR_CONNECTION_REFUSED @ http://localhost:5174/:0
[ 4342113ms] [ERROR] Failed to load resource: net::ERR_CONNECTION_REFUSED @ http://localhost:5174/:0
[ 4345478ms] [ERROR] Failed to load resource: net::ERR_CONNECTION_REFUSED @ http://localhost:5174/:0
[ 4348826ms] [ERROR] Failed to load resource: net::ERR_CONNECTION_REFUSED @ http://localhost:5174/:0
[ 4352160ms] [ERROR] Failed to load resource: net::ERR_CONNECTION_REFUSED @ http://localhost:5174/:0
[ 4355524ms] [ERROR] Failed to load resource: net::ERR_CONNECTION_REFUSED @ http://localhost:5174/:0
[ 4358888ms] [ERROR] Failed to load resource: net::ERR_CONNECTION_REFUSED @ http://localhost:5174/:0
[ 4362237ms] [ERROR] Failed to load resource: net::ERR_CONNECTION_REFUSED @ http://localhost:5174/:0
[ 4365602ms] [ERROR] Failed to load resource: net::ERR_CONNECTION_REFUSED @ http://localhost:5174/:0
[ 4368967ms] [ERROR] Failed to load resource: net::ERR_CONNECTION_REFUSED @ http://localhost:5174/:0
[ 4372315ms] [ERROR] Failed to load resource: net::ERR_CONNECTION_REFUSED @ http://localhost:5174/:0
[ 4375665ms] [ERROR] Failed to load resource: net::ERR_CONNECTION_REFUSED @ http://localhost:5174/:0
[ 4379029ms] [ERROR] Failed to load resource: net::ERR_CONNECTION_REFUSED @ http://localhost:5174/:0
[ 4382394ms] [ERROR] Failed to load resource: net::ERR_CONNECTION_REFUSED @ http://localhost:5174/:0
[ 4385742ms] [ERROR] Failed to load resource: net::ERR_CONNECTION_REFUSED @ http://localhost:5174/:0
[ 4389108ms] [ERROR] Failed to load resource: net::ERR_CONNECTION_REFUSED @ http://localhost:5174/:0
[ 4392458ms] [ERROR] Failed to load resource: net::ERR_CONNECTION_REFUSED @ http://localhost:5174/:0
[ 4395821ms] [ERROR] Failed to load resource: net::ERR_CONNECTION_REFUSED @ http://localhost:5174/:0
[ 4399187ms] [ERROR] Failed to load resource: net::ERR_CONNECTION_REFUSED @ http://localhost:5174/:0
[ 4402552ms] [ERROR] Failed to load resource: net::ERR_CONNECTION_REFUSED @ http://localhost:5174/:0
[ 4405902ms] [ERROR] Failed to load resource: net::ERR_CONNECTION_REFUSED @ http://localhost:5174/:0
[ 4409266ms] [ERROR] Failed to load resource: net::ERR_CONNECTION_REFUSED @ http://localhost:5174/:0
[ 4412632ms] [ERROR] Failed to load resource: net::ERR_CONNECTION_REFUSED @ http://localhost:5174/:0
[ 4415995ms] [ERROR] Failed to load resource: net::ERR_CONNECTION_REFUSED @ http://localhost:5174/:0
[ 4419360ms] [ERROR] Failed to load resource: net::ERR_CONNECTION_REFUSED @ http://localhost:5174/:0
[ 4422725ms] [ERROR] Failed to load resource: net::ERR_CONNECTION_REFUSED @ http://localhost:5174/:0
[ 4426108ms] [ERROR] Failed to load resource: net::ERR_CONNECTION_REFUSED @ http://localhost:5174/:0
[ 4429477ms] [ERROR] Failed to load resource: net::ERR_CONNECTION_REFUSED @ http://localhost:5174/:0
[ 4432838ms] [ERROR] Failed to load resource: net::ERR_CONNECTION_REFUSED @ http://localhost:5174/:0
[ 4436204ms] [ERROR] Failed to load resource: net::ERR_CONNECTION_REFUSED @ http://localhost:5174/:0
[ 4439569ms] [ERROR] Failed to load resource: net::ERR_CONNECTION_REFUSED @ http://localhost:5174/:0
[ 4442950ms] [ERROR] Failed to load resource: net::ERR_CONNECTION_REFUSED @ http://localhost:5174/:0
[ 4446300ms] [ERROR] Failed to load resource: net::ERR_CONNECTION_REFUSED @ http://localhost:5174/:0
[ 4449663ms] [ERROR] Failed to load resource: net::ERR_CONNECTION_REFUSED @ http://localhost:5174/:0
[ 4453030ms] [ERROR] Failed to load resource: net::ERR_CONNECTION_REFUSED @ http://localhost:5174/:0
[ 4456411ms] [ERROR] Failed to load resource: net::ERR_CONNECTION_REFUSED @ http://localhost:5174/:0
[ 4459776ms] [ERROR] Failed to load resource: net::ERR_CONNECTION_REFUSED @ http://localhost:5174/:0
[ 4463140ms] [ERROR] Failed to load resource: net::ERR_CONNECTION_REFUSED @ http://localhost:5174/:0
[ 4466507ms] [ERROR] Failed to load resource: net::ERR_CONNECTION_REFUSED @ http://localhost:5174/:0
[ 4469856ms] [ERROR] Failed to load resource: net::ERR_CONNECTION_REFUSED @ http://localhost:5174/:0
[ 4473224ms] [ERROR] Failed to load resource: net::ERR_CONNECTION_REFUSED @ http://localhost:5174/:0
[ 4476585ms] [ERROR] Failed to load resource: net::ERR_CONNECTION_REFUSED @ http://localhost:5174/:0
[ 4479949ms] [ERROR] Failed to load resource: net::ERR_CONNECTION_REFUSED @ http://localhost:5174/:0
[ 4483315ms] [ERROR] Failed to load resource: net::ERR_CONNECTION_REFUSED @ http://localhost:5174/:0
[ 4486681ms] [ERROR] Failed to load resource: net::ERR_CONNECTION_REFUSED @ http://localhost:5174/:0
[ 4490046ms] [ERROR] Failed to load resource: net::ERR_CONNECTION_REFUSED @ http://localhost:5174/:0
[ 4493411ms] [ERROR] Failed to load resource: net::ERR_CONNECTION_REFUSED @ http://localhost:5174/:0
[ 4496759ms] [ERROR] Failed to load resource: net::ERR_CONNECTION_REFUSED @ http://localhost:5174/:0
[ 4500108ms] [ERROR] Failed to load resource: net::ERR_CONNECTION_REFUSED @ http://localhost:5174/:0
[ 4503473ms] [ERROR] Failed to load resource: net::ERR_CONNECTION_REFUSED @ http://localhost:5174/:0
[ 4506837ms] [ERROR] Failed to load resource: net::ERR_CONNECTION_REFUSED @ http://localhost:5174/:0
[ 4510219ms] [ERROR] Failed to load resource: net::ERR_CONNECTION_REFUSED @ http://localhost:5174/:0
[ 4513584ms] [ERROR] Failed to load resource: net::ERR_CONNECTION_REFUSED @ http://localhost:5174/:0
[ 4516936ms] [ERROR] Failed to load resource: net::ERR_CONNECTION_REFUSED @ http://localhost:5174/:0
[ 4520298ms] [ERROR] Failed to load resource: net::ERR_CONNECTION_REFUSED @ http://localhost:5174/:0
[ 4523663ms] [ERROR] Failed to load resource: net::ERR_CONNECTION_REFUSED @ http://localhost:5174/:0
[ 4527012ms] [ERROR] Failed to load resource: net::ERR_CONNECTION_REFUSED @ http://localhost:5174/:0
[ 4530360ms] [ERROR] Failed to load resource: net::ERR_CONNECTION_REFUSED @ http://localhost:5174/:0
[ 4533725ms] [ERROR] Failed to load resource: net::ERR_CONNECTION_REFUSED @ http://localhost:5174/:0
[ 4537078ms] [ERROR] Failed to load resource: net::ERR_CONNECTION_REFUSED @ http://localhost:5174/:0
[ 4540439ms] [ERROR] Failed to load resource: net::ERR_CONNECTION_REFUSED @ http://localhost:5174/:0
[ 4543811ms] [ERROR] Failed to load resource: net::ERR_CONNECTION_REFUSED @ http://localhost:5174/:0
[ 4547168ms] [ERROR] Failed to load resource: net::ERR_CONNECTION_REFUSED @ http://localhost:5174/:0
[ 4550534ms] [ERROR] Failed to load resource: net::ERR_CONNECTION_REFUSED @ http://localhost:5174/:0
[ 4553884ms] [ERROR] Failed to load resource: net::ERR_CONNECTION_REFUSED @ http://localhost:5174/:0
[ 4557248ms] [ERROR] Failed to load resource: net::ERR_CONNECTION_REFUSED @ http://localhost:5174/:0
[ 4560629ms] [ERROR] Failed to load resource: net::ERR_CONNECTION_REFUSED @ http://localhost:5174/:0
[ 4563995ms] [ERROR] Failed to load resource: net::ERR_CONNECTION_REFUSED @ http://localhost:5174/:0
[ 4567344ms] [ERROR] Failed to load resource: net::ERR_CONNECTION_REFUSED @ http://localhost:5174/:0
[ 4570709ms] [ERROR] Failed to load resource: net::ERR_CONNECTION_REFUSED @ http://localhost:5174/:0
[ 4574073ms] [ERROR] Failed to load resource: net::ERR_CONNECTION_REFUSED @ http://localhost:5174/:0
[ 4577455ms] [ERROR] Failed to load resource: net::ERR_CONNECTION_REFUSED @ http://localhost:5174/:0
[ 4580820ms] [ERROR] Failed to load resource: net::ERR_CONNECTION_REFUSED @ http://localhost:5174/:0
[ 4584187ms] [ERROR] Failed to load resource: net::ERR_CONNECTION_REFUSED @ http://localhost:5174/:0
[ 4587546ms] [ERROR] Failed to load resource: net::ERR_CONNECTION_REFUSED @ http://localhost:5174/:0
[ 4590899ms] [ERROR] Failed to load resource: net::ERR_CONNECTION_REFUSED @ http://localhost:5174/:0
[ 4594266ms] [ERROR] Failed to load resource: net::ERR_CONNECTION_REFUSED @ http://localhost:5174/:0
[ 4597613ms] [ERROR] Failed to load resource: net::ERR_CONNECTION_REFUSED @ http://localhost:5174/:0
[ 4600977ms] [ERROR] Failed to load resource: net::ERR_CONNECTION_REFUSED @ http://localhost:5174/:0
[ 4604343ms] [ERROR] Failed to load resource: net::ERR_CONNECTION_REFUSED @ http://localhost:5174/:0
[ 4607708ms] [ERROR] Failed to load resource: net::ERR_CONNECTION_REFUSED @ http://localhost:5174/:0
[ 4611090ms] [ERROR] Failed to load resource: net::ERR_CONNECTION_REFUSED @ http://localhost:5174/:0
[ 4614440ms] [ERROR] Failed to load resource: net::ERR_CONNECTION_REFUSED @ http://localhost:5174/:0
[ 4617804ms] [ERROR] Failed to load resource: net::ERR_CONNECTION_REFUSED @ http://localhost:5174/:0
[ 4621169ms] [ERROR] Failed to load resource: net::ERR_CONNECTION_REFUSED @ http://localhost:5174/:0
[ 4624535ms] [ERROR] Failed to load resource: net::ERR_CONNECTION_REFUSED @ http://localhost:5174/:0
[ 4627882ms] [ERROR] Failed to load resource: net::ERR_CONNECTION_REFUSED @ http://localhost:5174/:0
[ 4631231ms] [ERROR] Failed to load resource: net::ERR_CONNECTION_REFUSED @ http://localhost:5174/:0
[ 4634595ms] [ERROR] Failed to load resource: net::ERR_CONNECTION_REFUSED @ http://localhost:5174/:0
[ 4637963ms] [ERROR] Failed to load resource: net::ERR_CONNECTION_REFUSED @ http://localhost:5174/:0
[ 4641310ms] [ERROR] Failed to load resource: net::ERR_CONNECTION_REFUSED @ http://localhost:5174/:0
[ 4644676ms] [ERROR] Failed to load resource: net::ERR_CONNECTION_REFUSED @ http://localhost:5174/:0
[ 4648040ms] [ERROR] Failed to load resource: net::ERR_CONNECTION_REFUSED @ http://localhost:5174/:0
[ 4651390ms] [ERROR] Failed to load resource: net::ERR_CONNECTION_REFUSED @ http://localhost:5174/:0
[ 4654753ms] [ERROR] Failed to load resource: net::ERR_CONNECTION_REFUSED @ http://localhost:5174/:0
[ 4658119ms] [ERROR] Failed to load resource: net::ERR_CONNECTION_REFUSED @ http://localhost:5174/:0
[ 4661483ms] [ERROR] Failed to load resource: net::ERR_CONNECTION_REFUSED @ http://localhost:5174/:0
[ 4664816ms] [ERROR] Failed to load resource: net::ERR_CONNECTION_REFUSED @ http://localhost:5174/:0
[ 4668180ms] [ERROR] Failed to load resource: net::ERR_CONNECTION_REFUSED @ http://localhost:5174/:0
[ 4671530ms] [ERROR] Failed to load resource: net::ERR_CONNECTION_REFUSED @ http://localhost:5174/:0
[ 4674894ms] [ERROR] Failed to load resource: net::ERR_CONNECTION_REFUSED @ http://localhost:5174/:0
[ 4678243ms] [ERROR] Failed to load resource: net::ERR_CONNECTION_REFUSED @ http://localhost:5174/:0
[ 4681593ms] [ERROR] Failed to load resource: net::ERR_CONNECTION_REFUSED @ http://localhost:5174/:0
[ 4684940ms] [ERROR] Failed to load resource: net::ERR_CONNECTION_REFUSED @ http://localhost:5174/:0
[ 4688305ms] [ERROR] Failed to load resource: net::ERR_CONNECTION_REFUSED @ http://localhost:5174/:0
[ 4691654ms] [ERROR] Failed to load resource: net::ERR_CONNECTION_REFUSED @ http://localhost:5174/:0
[ 4695018ms] [ERROR] Failed to load resource: net::ERR_CONNECTION_REFUSED @ http://localhost:5174/:0
[ 4698383ms] [ERROR] Failed to load resource: net::ERR_CONNECTION_REFUSED @ http://localhost:5174/:0
[ 4701749ms] [ERROR] Failed to load resource: net::ERR_CONNECTION_REFUSED @ http://localhost:5174/:0
[ 4705096ms] [ERROR] Failed to load resource: net::ERR_CONNECTION_REFUSED @ http://localhost:5174/:0
[ 4708465ms] [ERROR] Failed to load resource: net::ERR_CONNECTION_REFUSED @ http://localhost:5174/:0
[ 4711827ms] [ERROR] Failed to load resource: net::ERR_CONNECTION_REFUSED @ http://localhost:5174/:0
[ 4715193ms] [ERROR] Failed to load resource: net::ERR_CONNECTION_REFUSED @ http://localhost:5174/:0
[ 4718557ms] [ERROR] Failed to load resource: net::ERR_CONNECTION_REFUSED @ http://localhost:5174/:0
[ 4721907ms] [ERROR] Failed to load resource: net::ERR_CONNECTION_REFUSED @ http://localhost:5174/:0
[ 4725288ms] [ERROR] Failed to load resource: net::ERR_CONNECTION_REFUSED @ http://localhost:5174/:0
[ 4728653ms] [ERROR] Failed to load resource: net::ERR_CONNECTION_REFUSED @ http://localhost:5174/:0
[ 4732035ms] [ERROR] Failed to load resource: net::ERR_CONNECTION_REFUSED @ http://localhost:5174/:0
[ 4735400ms] [ERROR] Failed to load resource: net::ERR_CONNECTION_REFUSED @ http://localhost:5174/:0
[ 4738784ms] [ERROR] Failed to load resource: net::ERR_CONNECTION_REFUSED @ http://localhost:5174/:0
[ 4742148ms] [ERROR] Failed to load resource: net::ERR_CONNECTION_REFUSED @ http://localhost:5174/:0
[ 4745513ms] [ERROR] Failed to load resource: net::ERR_CONNECTION_REFUSED @ http://localhost:5174/:0
[ 4748861ms] [ERROR] Failed to load resource: net::ERR_CONNECTION_REFUSED @ http://localhost:5174/:0
[ 4752225ms] [ERROR] Failed to load resource: net::ERR_CONNECTION_REFUSED @ http://localhost:5174/:0
[ 4755558ms] [ERROR] Failed to load resource: net::ERR_CONNECTION_REFUSED @ http://localhost:5174/:0
[ 4758939ms] [ERROR] Failed to load resource: net::ERR_CONNECTION_REFUSED @ http://localhost:5174/:0
[ 4762288ms] [ERROR] Failed to load resource: net::ERR_CONNECTION_REFUSED @ http://localhost:5174/:0
[ 4765652ms] [ERROR] Failed to load resource: net::ERR_CONNECTION_REFUSED @ http://localhost:5174/:0
[ 4769003ms] [ERROR] Failed to load resource: net::ERR_CONNECTION_REFUSED @ http://localhost:5174/:0
[ 4772367ms] [ERROR] Failed to load resource: net::ERR_CONNECTION_REFUSED @ http://localhost:5174/:0
[ 4775715ms] [ERROR] Failed to load resource: net::ERR_CONNECTION_REFUSED @ http://localhost:5174/:0
[ 4779080ms] [ERROR] Failed to load resource: net::ERR_CONNECTION_REFUSED @ http://localhost:5174/:0
[ 4782446ms] [ERROR] Failed to load resource: net::ERR_CONNECTION_REFUSED @ http://localhost:5174/:0
[ 4785793ms] [ERROR] Failed to load resource: net::ERR_CONNECTION_REFUSED @ http://localhost:5174/:0
[ 4789146ms] [ERROR] Failed to load resource: net::ERR_CONNECTION_REFUSED @ http://localhost:5174/:0
[ 4792507ms] [ERROR] Failed to load resource: net::ERR_CONNECTION_REFUSED @ http://localhost:5174/:0
[ 4795857ms] [ERROR] Failed to load resource: net::ERR_CONNECTION_REFUSED @ http://localhost:5174/:0
[ 4799220ms] [ERROR] Failed to load resource: net::ERR_CONNECTION_REFUSED @ http://localhost:5174/:0
[ 4802585ms] [ERROR] Failed to load resource: net::ERR_CONNECTION_REFUSED @ http://localhost:5174/:0
[ 4805952ms] [ERROR] Failed to load resource: net::ERR_CONNECTION_REFUSED @ http://localhost:5174/:0
[ 4809315ms] [ERROR] Failed to load resource: net::ERR_CONNECTION_REFUSED @ http://localhost:5174/:0
[ 4812682ms] [ERROR] Failed to load resource: net::ERR_CONNECTION_REFUSED @ http://localhost:5174/:0
[ 4816031ms] [ERROR] Failed to load resource: net::ERR_CONNECTION_REFUSED @ http://localhost:5174/:0
[ 4819398ms] [ERROR] Failed to load resource: net::ERR_CONNECTION_REFUSED @ http://localhost:5174/:0
[ 4822760ms] [ERROR] Failed to load resource: net::ERR_CONNECTION_REFUSED @ http://localhost:5174/:0
[ 4826091ms] [ERROR] Failed to load resource: net::ERR_CONNECTION_REFUSED @ http://localhost:5174/:0
[ 4829440ms] [ERROR] Failed to load resource: net::ERR_CONNECTION_REFUSED @ http://localhost:5174/:0
[ 4832806ms] [ERROR] Failed to load resource: net::ERR_CONNECTION_REFUSED @ http://localhost:5174/:0
[ 4836154ms] [ERROR] Failed to load resource: net::ERR_CONNECTION_REFUSED @ http://localhost:5174/:0
[ 4839519ms] [ERROR] Failed to load resource: net::ERR_CONNECTION_REFUSED @ http://localhost:5174/:0
[ 4842884ms] [ERROR] Failed to load resource: net::ERR_CONNECTION_REFUSED @ http://localhost:5174/:0
[ 4846232ms] [ERROR] Failed to load resource: net::ERR_CONNECTION_REFUSED @ http://localhost:5174/:0
[ 4849582ms] [ERROR] Failed to load resource: net::ERR_CONNECTION_REFUSED @ http://localhost:5174/:0
[ 4852946ms] [ERROR] Failed to load resource: net::ERR_CONNECTION_REFUSED @ http://localhost:5174/:0
[ 4856311ms] [ERROR] Failed to load resource: net::ERR_CONNECTION_REFUSED @ http://localhost:5174/:0
[ 4859676ms] [ERROR] Failed to load resource: net::ERR_CONNECTION_REFUSED @ http://localhost:5174/:0
[ 4863026ms] [ERROR] Failed to load resource: net::ERR_CONNECTION_REFUSED @ http://localhost:5174/:0
[ 4866390ms] [ERROR] Failed to load resource: net::ERR_CONNECTION_REFUSED @ http://localhost:5174/:0
[ 4869772ms] [ERROR] Failed to load resource: net::ERR_CONNECTION_REFUSED @ http://localhost:5174/:0
[ 4873105ms] [ERROR] Failed to load resource: net::ERR_CONNECTION_REFUSED @ http://localhost:5174/:0
[ 4876468ms] [ERROR] Failed to load resource: net::ERR_CONNECTION_REFUSED @ http://localhost:5174/:0
[ 4879833ms] [ERROR] Failed to load resource: net::ERR_CONNECTION_REFUSED @ http://localhost:5174/:0
[ 4883199ms] [ERROR] Failed to load resource: net::ERR_CONNECTION_REFUSED @ http://localhost:5174/:0
[ 4886567ms] [ERROR] Failed to load resource: net::ERR_CONNECTION_REFUSED @ http://localhost:5174/:0
[ 4889946ms] [ERROR] Failed to load resource: net::ERR_CONNECTION_REFUSED @ http://localhost:5174/:0
[ 4893312ms] [ERROR] Failed to load resource: net::ERR_CONNECTION_REFUSED @ http://localhost:5174/:0
[ 4896660ms] [ERROR] Failed to load resource: net::ERR_CONNECTION_REFUSED @ http://localhost:5174/:0
[ 4900025ms] [ERROR] Failed to load resource: net::ERR_CONNECTION_REFUSED @ http://localhost:5174/:0
[ 4903390ms] [ERROR] Failed to load resource: net::ERR_CONNECTION_REFUSED @ http://localhost:5174/:0
[ 4906755ms] [ERROR] Failed to load resource: net::ERR_CONNECTION_REFUSED @ http://localhost:5174/:0
[ 4910104ms] [ERROR] Failed to load resource: net::ERR_CONNECTION_REFUSED @ http://localhost:5174/:0
[ 4913485ms] [ERROR] Failed to load resource: net::ERR_CONNECTION_REFUSED @ http://localhost:5174/:0
[ 4916852ms] [ERROR] Failed to load resource: net::ERR_CONNECTION_REFUSED @ http://localhost:5174/:0
[ 4920202ms] [ERROR] Failed to load resource: net::ERR_CONNECTION_REFUSED @ http://localhost:5174/:0
[ 4923580ms] [ERROR] Failed to load resource: net::ERR_CONNECTION_REFUSED @ http://localhost:5174/:0
[ 4926930ms] [ERROR] Failed to load resource: net::ERR_CONNECTION_REFUSED @ http://localhost:5174/:0
[ 4930279ms] [ERROR] Failed to load resource: net::ERR_CONNECTION_REFUSED @ http://localhost:5174/:0
[ 4933642ms] [ERROR] Failed to load resource: net::ERR_CONNECTION_REFUSED @ http://localhost:5174/:0
[ 4937009ms] [ERROR] Failed to load resource: net::ERR_CONNECTION_REFUSED @ http://localhost:5174/:0
[ 4940373ms] [ERROR] Failed to load resource: net::ERR_CONNECTION_REFUSED @ http://localhost:5174/:0
[ 4943705ms] [ERROR] Failed to load resource: net::ERR_CONNECTION_REFUSED @ http://localhost:5174/:0
[ 4947069ms] [ERROR] Failed to load resource: net::ERR_CONNECTION_REFUSED @ http://localhost:5174/:0
[ 4950418ms] [ERROR] Failed to load resource: net::ERR_CONNECTION_REFUSED @ http://localhost:5174/:0
[ 4953769ms] [ERROR] Failed to load resource: net::ERR_CONNECTION_REFUSED @ http://localhost:5174/:0
[ 4957132ms] [ERROR] Failed to load resource: net::ERR_CONNECTION_REFUSED @ http://localhost:5174/:0
[ 4960497ms] [ERROR] Failed to load resource: net::ERR_CONNECTION_REFUSED @ http://localhost:5174/:0
[ 4963864ms] [ERROR] Failed to load resource: net::ERR_CONNECTION_REFUSED @ http://localhost:5174/:0
[ 4967228ms] [ERROR] Failed to load resource: net::ERR_CONNECTION_REFUSED @ http://localhost:5174/:0
[ 4970560ms] [ERROR] Failed to load resource: net::ERR_CONNECTION_REFUSED @ http://localhost:5174/:0
[ 4973926ms] [ERROR] Failed to load resource: net::ERR_CONNECTION_REFUSED @ http://localhost:5174/:0
[ 4977289ms] [ERROR] Failed to load resource: net::ERR_CONNECTION_REFUSED @ http://localhost:5174/:0
[ 4980655ms] [ERROR] Failed to load resource: net::ERR_CONNECTION_REFUSED @ http://localhost:5174/:0
[ 4984019ms] [ERROR] Failed to load resource: net::ERR_CONNECTION_REFUSED @ http://localhost:5174/:0
[ 4987385ms] [ERROR] Failed to load resource: net::ERR_CONNECTION_REFUSED @ http://localhost:5174/:0
[ 4990751ms] [ERROR] Failed to load resource: net::ERR_CONNECTION_REFUSED @ http://localhost:5174/:0
[ 4994115ms] [ERROR] Failed to load resource: net::ERR_CONNECTION_REFUSED @ http://localhost:5174/:0
[ 4997480ms] [ERROR] Failed to load resource: net::ERR_CONNECTION_REFUSED @ http://localhost:5174/:0
[ 5000831ms] [ERROR] Failed to load resource: net::ERR_CONNECTION_REFUSED @ http://localhost:5174/:0
[ 5004194ms] [ERROR] Failed to load resource: net::ERR_CONNECTION_REFUSED @ http://localhost:5174/:0
[ 5007575ms] [ERROR] Failed to load resource: net::ERR_CONNECTION_REFUSED @ http://localhost:5174/:0
[ 5010941ms] [ERROR] Failed to load resource: net::ERR_CONNECTION_REFUSED @ http://localhost:5174/:0
[ 5014306ms] [ERROR] Failed to load resource: net::ERR_CONNECTION_REFUSED @ http://localhost:5174/:0
[ 5017689ms] [ERROR] Failed to load resource: net::ERR_CONNECTION_REFUSED @ http://localhost:5174/:0
[ 5021053ms] [ERROR] Failed to load resource: net::ERR_CONNECTION_REFUSED @ http://localhost:5174/:0
[ 5024418ms] [ERROR] Failed to load resource: net::ERR_CONNECTION_REFUSED @ http://localhost:5174/:0
[ 5027767ms] [ERROR] Failed to load resource: net::ERR_CONNECTION_REFUSED @ http://localhost:5174/:0
[ 5031148ms] [ERROR] Failed to load resource: net::ERR_CONNECTION_REFUSED @ http://localhost:5174/:0
[ 5034497ms] [ERROR] Failed to load resource: net::ERR_CONNECTION_REFUSED @ http://localhost:5174/:0
[ 5037862ms] [ERROR] Failed to load resource: net::ERR_CONNECTION_REFUSED @ http://localhost:5174/:0
[ 5041227ms] [ERROR] Failed to load resource: net::ERR_CONNECTION_REFUSED @ http://localhost:5174/:0
[ 5044592ms] [ERROR] Failed to load resource: net::ERR_CONNECTION_REFUSED @ http://localhost:5174/:0
[ 5047957ms] [ERROR] Failed to load resource: net::ERR_CONNECTION_REFUSED @ http://localhost:5174/:0
[ 5051322ms] [ERROR] Failed to load resource: net::ERR_CONNECTION_REFUSED @ http://localhost:5174/:0
[ 5054687ms] [ERROR] Failed to load resource: net::ERR_CONNECTION_REFUSED @ http://localhost:5174/:0
[ 5058054ms] [ERROR] Failed to load resource: net::ERR_CONNECTION_REFUSED @ http://localhost:5174/:0
[ 5061418ms] [ERROR] Failed to load resource: net::ERR_CONNECTION_REFUSED @ http://localhost:5174/:0
[ 5064766ms] [ERROR] Failed to load resource: net::ERR_CONNECTION_REFUSED @ http://localhost:5174/:0
[ 5068131ms] [ERROR] Failed to load resource: net::ERR_CONNECTION_REFUSED @ http://localhost:5174/:0
[ 5071496ms] [ERROR] Failed to load resource: net::ERR_CONNECTION_REFUSED @ http://localhost:5174/:0
[ 5074862ms] [ERROR] Failed to load resource: net::ERR_CONNECTION_REFUSED @ http://localhost:5174/:0
[ 5078210ms] [ERROR] Failed to load resource: net::ERR_CONNECTION_REFUSED @ http://localhost:5174/:0
[ 5081575ms] [ERROR] Failed to load resource: net::ERR_CONNECTION_REFUSED @ http://localhost:5174/:0
[ 5084923ms] [ERROR] Failed to load resource: net::ERR_CONNECTION_REFUSED @ http://localhost:5174/:0
[ 5088288ms] [ERROR] Failed to load resource: net::ERR_CONNECTION_REFUSED @ http://localhost:5174/:0
[ 5091637ms] [ERROR] Failed to load resource: net::ERR_CONNECTION_REFUSED @ http://localhost:5174/:0
[ 5095002ms] [ERROR] Failed to load resource: net::ERR_CONNECTION_REFUSED @ http://localhost:5174/:0
[ 5098368ms] [ERROR] Failed to load resource: net::ERR_CONNECTION_REFUSED @ http://localhost:5174/:0
[ 5101716ms] [ERROR] Failed to load resource: net::ERR_CONNECTION_REFUSED @ http://localhost:5174/:0
[ 5105065ms] [ERROR] Failed to load resource: net::ERR_CONNECTION_REFUSED @ http://localhost:5174/:0
[ 5108430ms] [ERROR] Failed to load resource: net::ERR_CONNECTION_REFUSED @ http://localhost:5174/:0
[ 5111794ms] [ERROR] Failed to load resource: net::ERR_CONNECTION_REFUSED @ http://localhost:5174/:0
[ 5115159ms] [ERROR] Failed to load resource: net::ERR_CONNECTION_REFUSED @ http://localhost:5174/:0
[ 5118525ms] [ERROR] Failed to load resource: net::ERR_CONNECTION_REFUSED @ http://localhost:5174/:0
[ 5121890ms] [ERROR] Failed to load resource: net::ERR_CONNECTION_REFUSED @ http://localhost:5174/:0
[ 5125227ms] [ERROR] Failed to load resource: net::ERR_CONNECTION_REFUSED @ http://localhost:5174/:0
[ 5128570ms] [ERROR] Failed to load resource: net::ERR_CONNECTION_REFUSED @ http://localhost:5174/:0
[ 5131936ms] [ERROR] Failed to load resource: net::ERR_CONNECTION_REFUSED @ http://localhost:5174/:0
[ 5135273ms] [ERROR] Failed to load resource: net::ERR_CONNECTION_REFUSED @ http://localhost:5174/:0
[ 5138616ms] [ERROR] Failed to load resource: net::ERR_CONNECTION_REFUSED @ http://localhost:5174/:0
[ 5141981ms] [ERROR] Failed to load resource: net::ERR_CONNECTION_REFUSED @ http://localhost:5174/:0
[ 5145333ms] [ERROR] Failed to load resource: net::ERR_CONNECTION_REFUSED @ http://localhost:5174/:0
[ 5148694ms] [ERROR] Failed to load resource: net::ERR_CONNECTION_REFUSED @ http://localhost:5174/:0
[ 5152060ms] [ERROR] Failed to load resource: net::ERR_CONNECTION_REFUSED @ http://localhost:5174/:0
[ 5155442ms] [ERROR] Failed to load resource: net::ERR_CONNECTION_REFUSED @ http://localhost:5174/:0
[ 5158807ms] [ERROR] Failed to load resource: net::ERR_CONNECTION_REFUSED @ http://localhost:5174/:0
[ 5162172ms] [ERROR] Failed to load resource: net::ERR_CONNECTION_REFUSED @ http://localhost:5174/:0
[ 5165521ms] [ERROR] Failed to load resource: net::ERR_CONNECTION_REFUSED @ http://localhost:5174/:0
[ 5168885ms] [ERROR] Failed to load resource: net::ERR_CONNECTION_REFUSED @ http://localhost:5174/:0
[ 5172250ms] [ERROR] Failed to load resource: net::ERR_CONNECTION_REFUSED @ http://localhost:5174/:0
[ 5175617ms] [ERROR] Failed to load resource: net::ERR_CONNECTION_REFUSED @ http://localhost:5174/:0
[ 5178998ms] [ERROR] Failed to load resource: net::ERR_CONNECTION_REFUSED @ http://localhost:5174/:0
[ 5182362ms] [ERROR] Failed to load resource: net::ERR_CONNECTION_REFUSED @ http://localhost:5174/:0
[ 5185728ms] [ERROR] Failed to load resource: net::ERR_CONNECTION_REFUSED @ http://localhost:5174/:0
[ 5189093ms] [ERROR] Failed to load resource: net::ERR_CONNECTION_REFUSED @ http://localhost:5174/:0
[ 5192458ms] [ERROR] Failed to load resource: net::ERR_CONNECTION_REFUSED @ http://localhost:5174/:0
[ 5195822ms] [ERROR] Failed to load resource: net::ERR_CONNECTION_REFUSED @ http://localhost:5174/:0
[ 5199190ms] [ERROR] Failed to load resource: net::ERR_CONNECTION_REFUSED @ http://localhost:5174/:0
[ 5202554ms] [ERROR] Failed to load resource: net::ERR_CONNECTION_REFUSED @ http://localhost:5174/:0
[ 5205906ms] [ERROR] Failed to load resource: net::ERR_CONNECTION_REFUSED @ http://localhost:5174/:0
[ 5209268ms] [ERROR] Failed to load resource: net::ERR_CONNECTION_REFUSED @ http://localhost:5174/:0
[ 5212648ms] [ERROR] Failed to load resource: net::ERR_CONNECTION_REFUSED @ http://localhost:5174/:0
[ 5215997ms] [ERROR] Failed to load resource: net::ERR_CONNECTION_REFUSED @ http://localhost:5174/:0
[ 5219346ms] [ERROR] Failed to load resource: net::ERR_CONNECTION_REFUSED @ http://localhost:5174/:0
[ 5222710ms] [ERROR] Failed to load resource: net::ERR_CONNECTION_REFUSED @ http://localhost:5174/:0
[ 5226060ms] [ERROR] Failed to load resource: net::ERR_CONNECTION_REFUSED @ http://localhost:5174/:0
[ 5229424ms] [ERROR] Failed to load resource: net::ERR_CONNECTION_REFUSED @ http://localhost:5174/:0
[ 5232807ms] [ERROR] Failed to load resource: net::ERR_CONNECTION_REFUSED @ http://localhost:5174/:0
[ 5236171ms] [ERROR] Failed to load resource: net::ERR_CONNECTION_REFUSED @ http://localhost:5174/:0
[ 5239537ms] [ERROR] Failed to load resource: net::ERR_CONNECTION_REFUSED @ http://localhost:5174/:0
[ 5242903ms] [ERROR] Failed to load resource: net::ERR_CONNECTION_REFUSED @ http://localhost:5174/:0
[ 5246266ms] [ERROR] Failed to load resource: net::ERR_CONNECTION_REFUSED @ http://localhost:5174/:0
[ 5249632ms] [ERROR] Failed to load resource: net::ERR_CONNECTION_REFUSED @ http://localhost:5174/:0
[ 5252997ms] [ERROR] Failed to load resource: net::ERR_CONNECTION_REFUSED @ http://localhost:5174/:0
[ 5256363ms] [ERROR] Failed to load resource: net::ERR_CONNECTION_REFUSED @ http://localhost:5174/:0
[ 5259694ms] [ERROR] Failed to load resource: net::ERR_CONNECTION_REFUSED @ http://localhost:5174/:0
[ 5263058ms] [ERROR] Failed to load resource: net::ERR_CONNECTION_REFUSED @ http://localhost:5174/:0
[ 5266424ms] [ERROR] Failed to load resource: net::ERR_CONNECTION_REFUSED @ http://localhost:5174/:0
[ 5269791ms] [ERROR] Failed to load resource: net::ERR_CONNECTION_REFUSED @ http://localhost:5174/:0
[ 5273154ms] [ERROR] Failed to load resource: net::ERR_CONNECTION_REFUSED @ http://localhost:5174/:0
[ 5276520ms] [ERROR] Failed to load resource: net::ERR_CONNECTION_REFUSED @ http://localhost:5174/:0
[ 5279885ms] [ERROR] Failed to load resource: net::ERR_CONNECTION_REFUSED @ http://localhost:5174/:0
[ 5283249ms] [ERROR] Failed to load resource: net::ERR_CONNECTION_REFUSED @ http://localhost:5174/:0
[ 5286615ms] [ERROR] Failed to load resource: net::ERR_CONNECTION_REFUSED @ http://localhost:5174/:0
[ 5289964ms] [ERROR] Failed to load resource: net::ERR_CONNECTION_REFUSED @ http://localhost:5174/:0
[ 5293329ms] [ERROR] Failed to load resource: net::ERR_CONNECTION_REFUSED @ http://localhost:5174/:0
[ 5296678ms] [ERROR] Failed to load resource: net::ERR_CONNECTION_REFUSED @ http://localhost:5174/:0
[ 5300042ms] [ERROR] Failed to load resource: net::ERR_CONNECTION_REFUSED @ http://localhost:5174/:0
[ 5303407ms] [ERROR] Failed to load resource: net::ERR_CONNECTION_REFUSED @ http://localhost:5174/:0
[ 5306773ms] [ERROR] Failed to load resource: net::ERR_CONNECTION_REFUSED @ http://localhost:5174/:0
[ 5310137ms] [ERROR] Failed to load resource: net::ERR_CONNECTION_REFUSED @ http://localhost:5174/:0
[ 5313520ms] [ERROR] Failed to load resource: net::ERR_CONNECTION_REFUSED @ http://localhost:5174/:0
[ 5316869ms] [ERROR] Failed to load resource: net::ERR_CONNECTION_REFUSED @ http://localhost:5174/:0
[ 5320216ms] [ERROR] Failed to load resource: net::ERR_CONNECTION_REFUSED @ http://localhost:5174/:0
[ 5323565ms] [ERROR] Failed to load resource: net::ERR_CONNECTION_REFUSED @ http://localhost:5174/:0
[ 5326930ms] [ERROR] Failed to load resource: net::ERR_CONNECTION_REFUSED @ http://localhost:5174/:0
[ 5330312ms] [ERROR] Failed to load resource: net::ERR_CONNECTION_REFUSED @ http://localhost:5174/:0
[ 5333661ms] [ERROR] Failed to load resource: net::ERR_CONNECTION_REFUSED @ http://localhost:5174/:0
[ 5337026ms] [ERROR] Failed to load resource: net::ERR_CONNECTION_REFUSED @ http://localhost:5174/:0
[ 5340391ms] [ERROR] Failed to load resource: net::ERR_CONNECTION_REFUSED @ http://localhost:5174/:0
[ 5343756ms] [ERROR] Failed to load resource: net::ERR_CONNECTION_REFUSED @ http://localhost:5174/:0
[ 5347104ms] [ERROR] Failed to load resource: net::ERR_CONNECTION_REFUSED @ http://localhost:5174/:0
[ 5350470ms] [ERROR] Failed to load resource: net::ERR_CONNECTION_REFUSED @ http://localhost:5174/:0
[ 5353834ms] [ERROR] Failed to load resource: net::ERR_CONNECTION_REFUSED @ http://localhost:5174/:0
[ 5357184ms] [ERROR] Failed to load resource: net::ERR_CONNECTION_REFUSED @ http://localhost:5174/:0
[ 5360533ms] [ERROR] Failed to load resource: net::ERR_CONNECTION_REFUSED @ http://localhost:5174/:0
[ 5363897ms] [ERROR] Failed to load resource: net::ERR_CONNECTION_REFUSED @ http://localhost:5174/:0
[ 5367246ms] [ERROR] Failed to load resource: net::ERR_CONNECTION_REFUSED @ http://localhost:5174/:0
[ 5370611ms] [ERROR] Failed to load resource: net::ERR_CONNECTION_REFUSED @ http://localhost:5174/:0
[ 5373976ms] [ERROR] Failed to load resource: net::ERR_CONNECTION_REFUSED @ http://localhost:5174/:0
[ 5377341ms] [ERROR] Failed to load resource: net::ERR_CONNECTION_REFUSED @ http://localhost:5174/:0
[ 5380706ms] [ERROR] Failed to load resource: net::ERR_CONNECTION_REFUSED @ http://localhost:5174/:0
[ 5384055ms] [ERROR] Failed to load resource: net::ERR_CONNECTION_REFUSED @ http://localhost:5174/:0
[ 5387419ms] [ERROR] Failed to load resource: net::ERR_CONNECTION_REFUSED @ http://localhost:5174/:0
[ 5390784ms] [ERROR] Failed to load resource: net::ERR_CONNECTION_REFUSED @ http://localhost:5174/:0
[ 5394132ms] [ERROR] Failed to load resource: net::ERR_CONNECTION_REFUSED @ http://localhost:5174/:0
[ 5397498ms] [ERROR] Failed to load resource: net::ERR_CONNECTION_REFUSED @ http://localhost:5174/:0
[ 5400863ms] [ERROR] Failed to load resource: net::ERR_CONNECTION_REFUSED @ http://localhost:5174/:0
[ 5404228ms] [ERROR] Failed to load resource: net::ERR_CONNECTION_REFUSED @ http://localhost:5174/:0
[ 5407560ms] [ERROR] Failed to load resource: net::ERR_CONNECTION_REFUSED @ http://localhost:5174/:0
[ 5410924ms] [ERROR] Failed to load resource: net::ERR_CONNECTION_REFUSED @ http://localhost:5174/:0
[ 5414306ms] [ERROR] Failed to load resource: net::ERR_CONNECTION_REFUSED @ http://localhost:5174/:0
[ 5417672ms] [ERROR] Failed to load resource: net::ERR_CONNECTION_REFUSED @ http://localhost:5174/:0
[ 5421037ms] [ERROR] Failed to load resource: net::ERR_CONNECTION_REFUSED @ http://localhost:5174/:0
[ 5424402ms] [ERROR] Failed to load resource: net::ERR_CONNECTION_REFUSED @ http://localhost:5174/:0
[ 5427751ms] [ERROR] Failed to load resource: net::ERR_CONNECTION_REFUSED @ http://localhost:5174/:0
[ 5431100ms] [ERROR] Failed to load resource: net::ERR_CONNECTION_REFUSED @ http://localhost:5174/:0
[ 5434464ms] [ERROR] Failed to load resource: net::ERR_CONNECTION_REFUSED @ http://localhost:5174/:0
[ 5437829ms] [ERROR] Failed to load resource: net::ERR_CONNECTION_REFUSED @ http://localhost:5174/:0
[ 5441195ms] [ERROR] Failed to load resource: net::ERR_CONNECTION_REFUSED @ http://localhost:5174/:0
[ 5444559ms] [ERROR] Failed to load resource: net::ERR_CONNECTION_REFUSED @ http://localhost:5174/:0
[ 5447908ms] [ERROR] Failed to load resource: net::ERR_CONNECTION_REFUSED @ http://localhost:5174/:0
[ 5451274ms] [ERROR] Failed to load resource: net::ERR_CONNECTION_REFUSED @ http://localhost:5174/:0
[ 5454639ms] [ERROR] Failed to load resource: net::ERR_CONNECTION_REFUSED @ http://localhost:5174/:0
[ 5458003ms] [ERROR] Failed to load resource: net::ERR_CONNECTION_REFUSED @ http://localhost:5174/:0
[ 5461368ms] [ERROR] Failed to load resource: net::ERR_CONNECTION_REFUSED @ http://localhost:5174/:0
[ 5464734ms] [ERROR] Failed to load resource: net::ERR_CONNECTION_REFUSED @ http://localhost:5174/:0
[ 5468098ms] [ERROR] Failed to load resource: net::ERR_CONNECTION_REFUSED @ http://localhost:5174/:0
[ 5471463ms] [ERROR] Failed to load resource: net::ERR_CONNECTION_REFUSED @ http://localhost:5174/:0
[ 5474829ms] [ERROR] Failed to load resource: net::ERR_CONNECTION_REFUSED @ http://localhost:5174/:0
[ 5478210ms] [ERROR] Failed to load resource: net::ERR_CONNECTION_REFUSED @ http://localhost:5174/:0
[ 5481592ms] [ERROR] Failed to load resource: net::ERR_CONNECTION_REFUSED @ http://localhost:5174/:0
[ 5484941ms] [ERROR] Failed to load resource: net::ERR_CONNECTION_REFUSED @ http://localhost:5174/:0
[ 5488307ms] [ERROR] Failed to load resource: net::ERR_CONNECTION_REFUSED @ http://localhost:5174/:0
[ 5491671ms] [ERROR] Failed to load resource: net::ERR_CONNECTION_REFUSED @ http://localhost:5174/:0
[ 5495021ms] [ERROR] Failed to load resource: net::ERR_CONNECTION_REFUSED @ http://localhost:5174/:0
[ 5498385ms] [ERROR] Failed to load resource: net::ERR_CONNECTION_REFUSED @ http://localhost:5174/:0
[ 5501767ms] [ERROR] Failed to load resource: net::ERR_CONNECTION_REFUSED @ http://localhost:5174/:0
[ 5505132ms] [ERROR] Failed to load resource: net::ERR_CONNECTION_REFUSED @ http://localhost:5174/:0
[ 5508480ms] [ERROR] Failed to load resource: net::ERR_CONNECTION_REFUSED @ http://localhost:5174/:0
[ 5511846ms] [ERROR] Failed to load resource: net::ERR_CONNECTION_REFUSED @ http://localhost:5174/:0
[ 5515196ms] [ERROR] Failed to load resource: net::ERR_CONNECTION_REFUSED @ http://localhost:5174/:0
[ 5518559ms] [ERROR] Failed to load resource: net::ERR_CONNECTION_REFUSED @ http://localhost:5174/:0
[ 5521924ms] [ERROR] Failed to load resource: net::ERR_CONNECTION_REFUSED @ http://localhost:5174/:0
[ 5525289ms] [ERROR] Failed to load resource: net::ERR_CONNECTION_REFUSED @ http://localhost:5174/:0
[ 5528637ms] [ERROR] Failed to load resource: net::ERR_CONNECTION_REFUSED @ http://localhost:5174/:0
[ 5532005ms] [ERROR] Failed to load resource: net::ERR_CONNECTION_REFUSED @ http://localhost:5174/:0
[ 5535368ms] [ERROR] Failed to load resource: net::ERR_CONNECTION_REFUSED @ http://localhost:5174/:0
[ 5538716ms] [ERROR] Failed to load resource: net::ERR_CONNECTION_REFUSED @ http://localhost:5174/:0
[ 5542066ms] [ERROR] Failed to load resource: net::ERR_CONNECTION_REFUSED @ http://localhost:5174/:0
[ 5545414ms] [ERROR] Failed to load resource: net::ERR_CONNECTION_REFUSED @ http://localhost:5174/:0
[ 5548778ms] [ERROR] Failed to load resource: net::ERR_CONNECTION_REFUSED @ http://localhost:5174/:0
[ 5552128ms] [ERROR] Failed to load resource: net::ERR_CONNECTION_REFUSED @ http://localhost:5174/:0
[ 5555492ms] [ERROR] Failed to load resource: net::ERR_CONNECTION_REFUSED @ http://localhost:5174/:0
[ 5558857ms] [ERROR] Failed to load resource: net::ERR_CONNECTION_REFUSED @ http://localhost:5174/:0
[ 5562223ms] [ERROR] Failed to load resource: net::ERR_CONNECTION_REFUSED @ http://localhost:5174/:0
[ 5565587ms] [ERROR] Failed to load resource: net::ERR_CONNECTION_REFUSED @ http://localhost:5174/:0
[ 5568952ms] [ERROR] Failed to load resource: net::ERR_CONNECTION_REFUSED @ http://localhost:5174/:0
[ 5572318ms] [ERROR] Failed to load resource: net::ERR_CONNECTION_REFUSED @ http://localhost:5174/:0
[ 5575683ms] [ERROR] Failed to load resource: net::ERR_CONNECTION_REFUSED @ http://localhost:5174/:0
[ 5579049ms] [ERROR] Failed to load resource: net::ERR_CONNECTION_REFUSED @ http://localhost:5174/:0
[ 5582413ms] [ERROR] Failed to load resource: net::ERR_CONNECTION_REFUSED @ http://localhost:5174/:0
[ 5585764ms] [ERROR] Failed to load resource: net::ERR_CONNECTION_REFUSED @ http://localhost:5174/:0
[ 5589126ms] [ERROR] Failed to load resource: net::ERR_CONNECTION_REFUSED @ http://localhost:5174/:0
[ 5592492ms] [ERROR] Failed to load resource: net::ERR_CONNECTION_REFUSED @ http://localhost:5174/:0
[ 5595858ms] [ERROR] Failed to load resource: net::ERR_CONNECTION_REFUSED @ http://localhost:5174/:0
[ 5599207ms] [ERROR] Failed to load resource: net::ERR_CONNECTION_REFUSED @ http://localhost:5174/:0
[ 5602555ms] [ERROR] Failed to load resource: net::ERR_CONNECTION_REFUSED @ http://localhost:5174/:0
[ 5605918ms] [ERROR] Failed to load resource: net::ERR_CONNECTION_REFUSED @ http://localhost:5174/:0
[ 5609284ms] [ERROR] Failed to load resource: net::ERR_CONNECTION_REFUSED @ http://localhost:5174/:0
[ 5612652ms] [ERROR] Failed to load resource: net::ERR_CONNECTION_REFUSED @ http://localhost:5174/:0
[ 5615998ms] [ERROR] Failed to load resource: net::ERR_CONNECTION_REFUSED @ http://localhost:5174/:0
[ 5619363ms] [ERROR] Failed to load resource: net::ERR_CONNECTION_REFUSED @ http://localhost:5174/:0
[ 5622711ms] [ERROR] Failed to load resource: net::ERR_CONNECTION_REFUSED @ http://localhost:5174/:0
[ 5626061ms] [ERROR] Failed to load resource: net::ERR_CONNECTION_REFUSED @ http://localhost:5174/:0
[ 5629425ms] [ERROR] Failed to load resource: net::ERR_CONNECTION_REFUSED @ http://localhost:5174/:0
[ 5632789ms] [ERROR] Failed to load resource: net::ERR_CONNECTION_REFUSED @ http://localhost:5174/:0
[ 5636140ms] [ERROR] Failed to load resource: net::ERR_CONNECTION_REFUSED @ http://localhost:5174/:0
[ 5639520ms] [ERROR] Failed to load resource: net::ERR_CONNECTION_REFUSED @ http://localhost:5174/:0
[ 5642885ms] [ERROR] Failed to load resource: net::ERR_CONNECTION_REFUSED @ http://localhost:5174/:0
[ 5646235ms] [ERROR] Failed to load resource: net::ERR_CONNECTION_REFUSED @ http://localhost:5174/:0
[ 5649599ms] [ERROR] Failed to load resource: net::ERR_CONNECTION_REFUSED @ http://localhost:5174/:0
[ 5652964ms] [ERROR] Failed to load resource: net::ERR_CONNECTION_REFUSED @ http://localhost:5174/:0
[ 5656329ms] [ERROR] Failed to load resource: net::ERR_CONNECTION_REFUSED @ http://localhost:5174/:0
[ 5659678ms] [ERROR] Failed to load resource: net::ERR_CONNECTION_REFUSED @ http://localhost:5174/:0
[ 5663026ms] [ERROR] Failed to load resource: net::ERR_CONNECTION_REFUSED @ http://localhost:5174/:0
[ 5666391ms] [ERROR] Failed to load resource: net::ERR_CONNECTION_REFUSED @ http://localhost:5174/:0
[ 5669756ms] [ERROR] Failed to load resource: net::ERR_CONNECTION_REFUSED @ http://localhost:5174/:0
[ 5673122ms] [ERROR] Failed to load resource: net::ERR_CONNECTION_REFUSED @ http://localhost:5174/:0
[ 5676487ms] [ERROR] Failed to load resource: net::ERR_CONNECTION_REFUSED @ http://localhost:5174/:0
[ 5679868ms] [ERROR] Failed to load resource: net::ERR_CONNECTION_REFUSED @ http://localhost:5174/:0
[ 5683233ms] [ERROR] Failed to load resource: net::ERR_CONNECTION_REFUSED @ http://localhost:5174/:0
[ 5686599ms] [ERROR] Failed to load resource: net::ERR_CONNECTION_REFUSED @ http://localhost:5174/:0
[ 5689964ms] [ERROR] Failed to load resource: net::ERR_CONNECTION_REFUSED @ http://localhost:5174/:0
[ 5693313ms] [ERROR] Failed to load resource: net::ERR_CONNECTION_REFUSED @ http://localhost:5174/:0
[ 5696678ms] [ERROR] Failed to load resource: net::ERR_CONNECTION_REFUSED @ http://localhost:5174/:0
[ 5700043ms] [ERROR] Failed to load resource: net::ERR_CONNECTION_REFUSED @ http://localhost:5174/:0
[ 5703408ms] [ERROR] Failed to load resource: net::ERR_CONNECTION_REFUSED @ http://localhost:5174/:0
[ 5706789ms] [ERROR] Failed to load resource: net::ERR_CONNECTION_REFUSED @ http://localhost:5174/:0
[ 5710155ms] [ERROR] Failed to load resource: net::ERR_CONNECTION_REFUSED @ http://localhost:5174/:0
[ 5713520ms] [ERROR] Failed to load resource: net::ERR_CONNECTION_REFUSED @ http://localhost:5174/:0
[ 5716885ms] [ERROR] Failed to load resource: net::ERR_CONNECTION_REFUSED @ http://localhost:5174/:0
[ 5720250ms] [ERROR] Failed to load resource: net::ERR_CONNECTION_REFUSED @ http://localhost:5174/:0
[ 5723599ms] [ERROR] Failed to load resource: net::ERR_CONNECTION_REFUSED @ http://localhost:5174/:0
[ 5726980ms] [ERROR] Failed to load resource: net::ERR_CONNECTION_REFUSED @ http://localhost:5174/:0
[ 5730345ms] [ERROR] Failed to load resource: net::ERR_CONNECTION_REFUSED @ http://localhost:5174/:0
[ 5733694ms] [ERROR] Failed to load resource: net::ERR_CONNECTION_REFUSED @ http://localhost:5174/:0
[ 5737075ms] [ERROR] Failed to load resource: net::ERR_CONNECTION_REFUSED @ http://localhost:5174/:0
[ 5740424ms] [ERROR] Failed to load resource: net::ERR_CONNECTION_REFUSED @ http://localhost:5174/:0
[ 5743789ms] [ERROR] Failed to load resource: net::ERR_CONNECTION_REFUSED @ http://localhost:5174/:0
[ 5747155ms] [ERROR] Failed to load resource: net::ERR_CONNECTION_REFUSED @ http://localhost:5174/:0
[ 5750520ms] [ERROR] Failed to load resource: net::ERR_CONNECTION_REFUSED @ http://localhost:5174/:0
[ 5753868ms] [ERROR] Failed to load resource: net::ERR_CONNECTION_REFUSED @ http://localhost:5174/:0
[ 5757234ms] [ERROR] Failed to load resource: net::ERR_CONNECTION_REFUSED @ http://localhost:5174/:0
[ 5760598ms] [ERROR] Failed to load resource: net::ERR_CONNECTION_REFUSED @ http://localhost:5174/:0
[ 5763963ms] [ERROR] Failed to load resource: net::ERR_CONNECTION_REFUSED @ http://localhost:5174/:0
[ 5767329ms] [ERROR] Failed to load resource: net::ERR_CONNECTION_REFUSED @ http://localhost:5174/:0
[ 5770694ms] [ERROR] Failed to load resource: net::ERR_CONNECTION_REFUSED @ http://localhost:5174/:0
[ 5774075ms] [ERROR] Failed to load resource: net::ERR_CONNECTION_REFUSED @ http://localhost:5174/:0
[ 5777441ms] [ERROR] Failed to load resource: net::ERR_CONNECTION_REFUSED @ http://localhost:5174/:0
[ 5780805ms] [ERROR] Failed to load resource: net::ERR_CONNECTION_REFUSED @ http://localhost:5174/:0
[ 5784171ms] [ERROR] Failed to load resource: net::ERR_CONNECTION_REFUSED @ http://localhost:5174/:0
[ 5787537ms] [ERROR] Failed to load resource: net::ERR_CONNECTION_REFUSED @ http://localhost:5174/:0
[ 5790901ms] [ERROR] Failed to load resource: net::ERR_CONNECTION_REFUSED @ http://localhost:5174/:0
[ 5794266ms] [ERROR] Failed to load resource: net::ERR_CONNECTION_REFUSED @ http://localhost:5174/:0
[ 5797615ms] [ERROR] Failed to load resource: net::ERR_CONNECTION_REFUSED @ http://localhost:5174/:0
[ 5800980ms] [ERROR] Failed to load resource: net::ERR_CONNECTION_REFUSED @ http://localhost:5174/:0
[ 5804344ms] [ERROR] Failed to load resource: net::ERR_CONNECTION_REFUSED @ http://localhost:5174/:0
[ 5807710ms] [ERROR] Failed to load resource: net::ERR_CONNECTION_REFUSED @ http://localhost:5174/:0
[ 5811059ms] [ERROR] Failed to load resource: net::ERR_CONNECTION_REFUSED @ http://localhost:5174/:0
[ 5814424ms] [ERROR] Failed to load resource: net::ERR_CONNECTION_REFUSED @ http://localhost:5174/:0
[ 5817773ms] [ERROR] Failed to load resource: net::ERR_CONNECTION_REFUSED @ http://localhost:5174/:0
[ 5821155ms] [ERROR] Failed to load resource: net::ERR_CONNECTION_REFUSED @ http://localhost:5174/:0
[ 5824519ms] [ERROR] Failed to load resource: net::ERR_CONNECTION_REFUSED @ http://localhost:5174/:0
[ 5827884ms] [ERROR] Failed to load resource: net::ERR_CONNECTION_REFUSED @ http://localhost:5174/:0
[ 5831249ms] [ERROR] Failed to load resource: net::ERR_CONNECTION_REFUSED @ http://localhost:5174/:0
[ 5834614ms] [ERROR] Failed to load resource: net::ERR_CONNECTION_REFUSED @ http://localhost:5174/:0
[ 5837980ms] [ERROR] Failed to load resource: net::ERR_CONNECTION_REFUSED @ http://localhost:5174/:0
[ 5841329ms] [ERROR] Failed to load resource: net::ERR_CONNECTION_REFUSED @ http://localhost:5174/:0
[ 5844710ms] [ERROR] Failed to load resource: net::ERR_CONNECTION_REFUSED @ http://localhost:5174/:0
[ 5848075ms] [ERROR] Failed to load resource: net::ERR_CONNECTION_REFUSED @ http://localhost:5174/:0
[ 5851423ms] [ERROR] Failed to load resource: net::ERR_CONNECTION_REFUSED @ http://localhost:5174/:0
[ 5854789ms] [ERROR] Failed to load resource: net::ERR_CONNECTION_REFUSED @ http://localhost:5174/:0
[ 5858156ms] [ERROR] Failed to load resource: net::ERR_CONNECTION_REFUSED @ http://localhost:5174/:0
[ 5861520ms] [ERROR] Failed to load resource: net::ERR_CONNECTION_REFUSED @ http://localhost:5174/:0
[ 5864884ms] [ERROR] Failed to load resource: net::ERR_CONNECTION_REFUSED @ http://localhost:5174/:0
[ 5868266ms] [ERROR] Failed to load resource: net::ERR_CONNECTION_REFUSED @ http://localhost:5174/:0
[ 5871631ms] [ERROR] Failed to load resource: net::ERR_CONNECTION_REFUSED @ http://localhost:5174/:0
[ 5874997ms] [ERROR] Failed to load resource: net::ERR_CONNECTION_REFUSED @ http://localhost:5174/:0
[ 5878362ms] [ERROR] Failed to load resource: net::ERR_CONNECTION_REFUSED @ http://localhost:5174/:0
[ 5881710ms] [ERROR] Failed to load resource: net::ERR_CONNECTION_REFUSED @ http://localhost:5174/:0
[ 5885075ms] [ERROR] Failed to load resource: net::ERR_CONNECTION_REFUSED @ http://localhost:5174/:0
[ 5888440ms] [ERROR] Failed to load resource: net::ERR_CONNECTION_REFUSED @ http://localhost:5174/:0
[ 5891805ms] [ERROR] Failed to load resource: net::ERR_CONNECTION_REFUSED @ http://localhost:5174/:0
[ 5895153ms] [ERROR] Failed to load resource: net::ERR_CONNECTION_REFUSED @ http://localhost:5174/:0
[ 5898535ms] [ERROR] Failed to load resource: net::ERR_CONNECTION_REFUSED @ http://localhost:5174/:0
[ 5901917ms] [ERROR] Failed to load resource: net::ERR_CONNECTION_REFUSED @ http://localhost:5174/:0
[ 5905282ms] [ERROR] Failed to load resource: net::ERR_CONNECTION_REFUSED @ http://localhost:5174/:0
[ 5908647ms] [ERROR] Failed to load resource: net::ERR_CONNECTION_REFUSED @ http://localhost:5174/:0
[ 5912030ms] [ERROR] Failed to load resource: net::ERR_CONNECTION_REFUSED @ http://localhost:5174/:0
[ 5915378ms] [ERROR] Failed to load resource: net::ERR_CONNECTION_REFUSED @ http://localhost:5174/:0
[ 5918742ms] [ERROR] Failed to load resource: net::ERR_CONNECTION_REFUSED @ http://localhost:5174/:0
[ 5922107ms] [ERROR] Failed to load resource: net::ERR_CONNECTION_REFUSED @ http://localhost:5174/:0
[ 5925474ms] [ERROR] Failed to load resource: net::ERR_CONNECTION_REFUSED @ http://localhost:5174/:0
[ 5928838ms] [ERROR] Failed to load resource: net::ERR_CONNECTION_REFUSED @ http://localhost:5174/:0
[ 5932203ms] [ERROR] Failed to load resource: net::ERR_CONNECTION_REFUSED @ http://localhost:5174/:0
[ 5935570ms] [ERROR] Failed to load resource: net::ERR_CONNECTION_REFUSED @ http://localhost:5174/:0
[ 5938917ms] [ERROR] Failed to load resource: net::ERR_CONNECTION_REFUSED @ http://localhost:5174/:0
[ 5942284ms] [ERROR] Failed to load resource: net::ERR_CONNECTION_REFUSED @ http://localhost:5174/:0
